/*
 Navicat Premium Data Transfer

 Source Server         : lll
 Source Server Type    : MySQL
 Source Server Version : 80019
 Source Host           : localhost:3306
 Source Schema         : steambox

 Target Server Type    : MySQL
 Target Server Version : 80019
 File Encoding         : 65001

 Date: 13/12/2022 11:21:55
*/

SET NAMES utf8mb4;
SET FOREIGN_KEY_CHECKS = 0;

-- ----------------------------
-- Table structure for admin
-- ----------------------------
DROP TABLE IF EXISTS `admin`;
CREATE TABLE `admin`  (
  `id` int(0) NOT NULL AUTO_INCREMENT,
  `account` varchar(20) CHARACTER SET utf8mb4 COLLATE utf8mb4_0900_ai_ci NOT NULL,
  `password` varchar(40) CHARACTER SET utf8mb4 COLLATE utf8mb4_0900_ai_ci NOT NULL,
  `name` varchar(20) CHARACTER SET utf8mb4 COLLATE utf8mb4_0900_ai_ci NULL DEFAULT NULL,
  PRIMARY KEY (`id`) USING BTREE
) ENGINE = InnoDB AUTO_INCREMENT = 1 CHARACTER SET = utf8mb4 COLLATE = utf8mb4_0900_ai_ci ROW_FORMAT = Dynamic;

-- ----------------------------
-- Records of admin
-- ----------------------------
INSERT INTO `admin` VALUES (1, 'admin', '123456', '张三强');

-- ----------------------------
-- Table structure for article
-- ----------------------------
DROP TABLE IF EXISTS `article`;
CREATE TABLE `article`  (
  `id` int(0) NOT NULL AUTO_INCREMENT,
  `title` varchar(50) CHARACTER SET utf8mb4 COLLATE utf8mb4_0900_ai_ci NOT NULL,
  `img` varchar(100) CHARACTER SET utf8mb4 COLLATE utf8mb4_0900_ai_ci NULL DEFAULT NULL,
  `content` blob NOT NULL,
  `pubdate` datetime(0) NOT NULL,
  `click_count` int(0) NOT NULL DEFAULT 0,
  `creator` int(0) NOT NULL,
  `auditor` int(0) NOT NULL,
  `community_id` int(0) NULL DEFAULT NULL,
  `hidden` tinyint(0) NOT NULL,
  PRIMARY KEY (`id`) USING BTREE,
  INDEX `creator`(`creator`) USING BTREE,
  INDEX `auditor`(`auditor`) USING BTREE,
  INDEX `community_id`(`community_id`) USING BTREE,
  CONSTRAINT `article_ibfk_2` FOREIGN KEY (`creator`) REFERENCES `user` (`id`) ON DELETE RESTRICT ON UPDATE RESTRICT,
  CONSTRAINT `article_ibfk_3` FOREIGN KEY (`auditor`) REFERENCES `admin` (`id`) ON DELETE RESTRICT ON UPDATE RESTRICT,
  CONSTRAINT `article_ibfk_4` FOREIGN KEY (`community_id`) REFERENCES `community` (`id`) ON DELETE RESTRICT ON UPDATE RESTRICT
) ENGINE = InnoDB AUTO_INCREMENT = 12 CHARACTER SET = utf8mb4 COLLATE = utf8mb4_0900_ai_ci ROW_FORMAT = Dynamic;

-- ----------------------------
-- Records of article
-- ----------------------------
INSERT INTO `article` VALUES (1, '《荒野大镖客2》Steam同时在线达6万人！刷新历史纪录', 'dbg1.webp', 0x3C703E266E6273703B20266E6273703B20266E6273703B20266E6273703B52E6989FE4BCA0E8AFB4E7BAA7E5B7A8E4BD9CE3808AE88D92E9878EE5A4A7E99596E5AEA2EFBC9AE69591E8B58E32E3808BE69C80E8BF91E8BF8EE69DA5E696B0E79A84E88DA3E58589E38082E6A0B9E68DAE537465616D4442E695B0E68DAEE698BEE7A4BAEFBC8CE698A8E697A5E59CA8537465616DE5B9B3E58FB0E5908CE697B6E78EA9E8AFA5E6B8B8E6888FE79A84E4BABAE695B0E9AB98E8BEBE3539393931E4BABAEFBC8CE5B086E8BF9136E4B887E4BABAEFBC81E58E9FE58588E79A84E5908CE697B6E59CA8E7BABFE8AEB0E5BD95E4B8BA352E35E4B887EFBC8CE59CA832303139E5B9B43132E69C88E6B8B8E6888FE5889AE58F91E594AEE697B6E5889BE4B88BE380823C2F703E3C70207374796C653D22746578742D616C69676E3A2063656E7465723B223E3C7370616E207374796C653D22637572736F723A706F696E7465723B223E3C696D67207372633D2268747470733A2F2F696D67322E616C693231332E6E65742F70696366696C652F4E6577732F323032322F31312F32372F3538345F323032323131323734333833373130312E6A7067223E3C2F7370616E3E3C2F703E3C703E266E6273703B20266E6273703B20266E6273703B20266E6273703BE69C89E4BABAE58FAFE883BDE4BC9AE997AEEFBC8C36E4B887E8BF99E4B8AAE695B0E5AD97E4B99FE4B88DE7AE97E9AB98E59180EFBC8CE58E9FE59BA0E585B6E5AE9EE5BE88E7AE80E58D95E38082E8AFA5E6B8B8E6888FE79A845043E78988E69C80E5BC80E5A78BE58FAAE799BBE9998652E6989FE887AAE5AEB6E5B9B3E58FB0E5928C45706963E59586E59F8EEFBC8CE5BE88E5A49AE78EA9E5AEB6E4B8BAE4BA86E7ACACE4B880E697B6E997B4E78EA9E588B05043E78988E6B8B8E6888FEFBC8CE8808CE98089E68BA9E59CA8E585B6E4BB96E5B9B3E58FB0E8B4ADE4B9B0E380825043E78988E58F91E5B883E79A84E4B880E4B8AAE69C88E5908EEFBC8CE3808AE88D92E9878EE5A4A7E99596E5AEA232E3808BE6898DE59CA8537465616DE4B88AE58F91E594AEE380823C2F703E3C70207374796C653D22746578742D616C69676E3A2063656E7465723B223E3C7370616E207374796C653D22637572736F723A706F696E7465723B223E3C696D67207372633D2268747470733A2F2F696D67322E616C693231332E6E65742F70696366696C652F4E6577732F323032322F31312F32372F3538345F323032323131323734333833373336332E77656270223E3C2F7370616E3E3C2F703E3C703E266E6273703B20266E6273703B20266E6273703B20266E6273703BE98197E686BEE79A84E698AFEFBC8C52E6989FE697A9E5B7B2E5AEA3E5B883E3808AE88D92E9878EE5A4A7E99596E5AEA232E3808BE5819CE6ADA2E58685E5AEB9E69BB4E696B0EFBC8CE5B086E585A8E58A9BE5BC80E58F91E3808A47544136E3808BE5B9B6E68C81E7BBADE8BF90E890A5E3808A475441204F4CE3808BE38082E78EA9E5AEB6E4BBACE69C9FE5BE85E79A84444C43E38081E6ACA1E4B896E4BBA3E78988E7AD89E58FAFE883BDE995BFE697B6E997B4E58685E983BDE697A0E69C9BE4BA86E380823C2F703E3C70207374796C653D22746578742D616C69676E3A2063656E7465723B223E3C7370616E207374796C653D22637572736F723A706F696E7465723B223E3C696D67207372633D2268747470733A2F2F696D67322E616C693231332E6E65742F70696366696C652F4E6577732F323032322F31312F32372F3538345F323032323131323734333833373436302E77656270223E3C2F7370616E3E3C2F703E0A, '2022-11-27 17:16:44', 0, 1, 1, 1, 1);
INSERT INTO `article` VALUES (2, '《荒野大镖客2》亚瑟是死于肺结核吗？游戏最终结局选择', 'dbg2.jpg', 0x3C68333E3C7374726F6E673EE69C80E7BB88E7BB93E5B180E98089E68BA93C2F7374726F6E673E3C2F68333E3C703EE38080E380803C7370616E207374796C653D22636F6C6F723A236666303030303B223EE58588E8AFB4E7BB93E8AEBAE88D92E9878EE5A4A7E99596E5AEA232E4B8ADE8A7A6E58F91E882BAE7BB93E6A0B8E698AFE4B8BBE7BABFE589A7E68385EFBC8CE8A681E9809AE585B3E6B8B8E6888FE5B0B1E697A0E6B395E981BFE5858DE380823C2F7370616E3E3C2F703E3C703EE38080E38080E4BA9AE7919FE682A3E882BAE7BB93E6A0B8E8BF99E4B8AAE7BB93E8AEBAEFBC8CE58FAAE698AFE59CA3E4B8B9E5B0BCE696AFE79A84E4B880E4B8AAE699AEE9809AE585A8E7A791E58CBBE7949FE59CA8E7BCBAE4B98FE8B6B3E5A49FE4B8A5E8B0A8E79A84E6A380E69FA5E4B88BE5819AE587BAE79A84E7BB93E8AEBAEFBC8CE69E81E5A4A7E6A682E78E87E698AFE99499E8AFAFE79A84E8AF8AE696ADE380823C2F703E3C703EE38080E38080E4BA9AE7919FE4BB8EE79785E68385E8A1A8E78EB0E69DA5E79C8BEFBC8CE4BB96E5B0B1E4B88DE698AFE882BAE7BB93E6A0B8EFBC8CE8808CE698AFE882BAE7998CE38082E59490E696AFE4B99FE4B88DE698AFE882BAE7BB93E6A0B8EFBC8CE4BB8EE8A1A8E78EB0E69DA5E79C8BE4B99FE698AFE882BAE7998CE380823C2F703E3C703EE38080E38080E59490E696AFE5A4ABE4BABAE5BD93E4BA86E587A0E5A4A9E5A693E5A5B3E5B0B1E6BBA1E884B8E796B1E796B9E6BA83E78382EFBC8CE5928CE59490E696AFE5908CE5BA8AE585B1E69E95E8BF87E79D80E890A5E585BBE4B88DE889AFE4B894E58E8BE58A9BE5B1B1E5A4A7E79A84E889B0E88BA6E7949FE6B4BBE5A5BDE587A0E5B9B4EFBC8CE784B6E5908EE6AFABE58F91E697A0E68D9FEFBC8CE6B2A1E69C89E8A2ABE4BCA0E69F93E4B99FE6B2A1E69C89E58F91E79785EFBC8CE59BA0E6ADA4E59CA8E8BF99E9878CE59490E696AFE69CACE4BABAE5BE97E882BAE7BB93E6A0B8E79A84E58FAFE883BDE680A7E5B0B1E5BE88E5B08FE380823C2F703E3C703EE38080E38080E8BF88E58DA1E5928CE4BA9AE7919FE8BF91E8B79DE7A6BBE6BB9AE5819AE4B880E59BA2EFBC8CE58FA3E6B0B4E9BCBBE8A180E9BD90E9A39EEFBC8CE4B99FE6B2A1E69C89E8A2ABE4BA9AE7919FE4BCA0E69F93E58F91E79785EFBC8CE7949AE887B3E695B4E4B8AAE890A5E59CB0E79A84E4BABAE983BDE6B2A1E4BABAE6849FE69F93E882BAE7BB93E6A0B8EFBC8CE58C85E68BACE7BB8FE5B8B8E68EA5E8A7A6E79A84E7BAA6E7BFB0E38082E8808CE7BAA6E7BFB0E8BF98E59CA8E79B91E78BB1E5BAA6E8BF87E4BA86E4B880E6AEB5E889B0E99ABEE79A84E7949FE6B4BBEFBC8CE8BF99E7A78DE58E8BE58A9BE5928CE7949FE6B4BBE5AFB9E4BB96E79A84E5858DE796ABE7B3BBE7BB9FE698AFE4B880E4B8AAE5BE88E5A4A7E79A84E68C91E68898EFBC8CE58FAFE698AFE7BAA6E7BFB0E5B0B1E7AE97E68EA5E6898BE4BA86E4BA9AE7919FE79A84E4B8AAE4BABAE697A5E5B8B8E4BDBFE794A8E79A84E789A9E59381E5908EEFBC8CE4B99FE6B2A1E8A2ABE4BCA0E69F93E58F91E79785E380823C2F703E3C703EE38080E38080E4BB8EE4BA9AE7919FE592B3E597BDE5908EE59CA8E59CA3E4B8B9E5B0BCE696AFE8B5B0E79D80E8B5B0E79D80E69995E58092EFBC8CE5868DE588B0E69591E99BA8E890BDE9858BE995BFE584BFE5AD90E5908EE69995E58092EFBC8CE8BF99E4B8AAE79787E78AB6E8A1A8E78EB0E69BB4E5838FE698AFE882BAE7998CE88491E8BDACE7A7BBEFBC8CE7BB93E59088E4BA9AE7919FE4BB8EE58D81E587A0E5B281E5B0B1E5A4A7E9878FE697A0E88A82E588B6E79A84E4BDBFE794A8E7839FE88D89E5928CE98592E7B2BEE68F90E7A59EE79A84E8838CE699AFEFBC8CE4BBA5E58F8AE5B8B8E5B9B4E79A84E4BAA1E591BDE5BE92E7949FE6B4BBE5B8A6E69DA5E79A84E685A2E680A7E58E8BE58A9BEFBC8CE4BB96E682A3E882BAE7998CE79A84E6A682E78E87E5BE88E5A4A7EFBC8CE68980E4BBA5E882BAE7998CE6898DE698AFE4BA9AE7919FE6ADBBE4BAA1E79A84E79C9FE79BB8E380823C2F703E3C703EE38080E38080E4B99FE5B0B1E698AFE8AFB4E5B0B1E7AE97E6B2A1E69C89E59490E696AFE79A84E587BAE78EB0EFBC8CE4BA9AE7919FE8BF98E698AFE4BC9AE99A8FE79D80E4B8BBE7BABFE589A7E68385E79A84E68EA8E8BF9BE8808CE6ADBBE4BAA1E380823C2F703E3C703EE38080E38080E5BD93E784B6E4BA9AE7919FE698AFE59CA8E7ACACE4BA94E7ABA0E7939CE78E9BE5B29BE59B9EE69DA5E6898DE58F91E79785E79A84EFBC8CE7ACACE4BA94E7ABA0E4B98BE5898DE4BA9AE7919FE8BF98E698AFE581A5E5BAB7E79A84E380823C2F703E3C703E266E6273703B20266E6273703B20266E6273703B20266E6273703B3C7370616E207374796C653D22636F6C6F723A236666303030303B223EE59BA0E6ADA4E683B3E8A681E981BFE5858DE58784E683A8E7BB93E5B180E79A84E5B08FE4BC99E4BCB4E58FAFE4BBA5E5819CE59CA8E7ACACE4BA94E7ABA0E380823C2F7370616E3E3C2F703E3C70207374796C653D22746578742D616C69676E3A2063656E7465723B223E3C7370616E207374796C653D22637572736F723A706F696E7465723B223E3C7370616E207374796C653D22637572736F723A706F696E7465723B223E3C696D67207372633D2268747470733A2F2F696D67312E616C693231332E6E65742F676C7069632F323032322F30362F31352F3538345F323032323036313539353330353739312E706E672220203E3C2F7370616E3E3C2F7370616E3E3C2F703E0A, '2022-09-19 17:16:44', 0, 3, 1, 1, 1);
INSERT INTO `article` VALUES (3, '《只狼影逝二度》龙之返乡结局怎么达成？龙之返乡结局条件介绍', 'zl1.jpg', 0x3C68333E3C7374726F6E673EE58FAAE78BBCE5BDB1E9809DE4BA8CE5BAA6E9BE99E4B98BE8BF94E4B9A1E7BB93E5B180E69DA1E4BBB6E4BB8BE7BB8D3C2F7374726F6E673E3C2F68333E3C703EE38080E380803C7370616E207374796C653D22636F6C6F723A236666303030303B223E3C7374726F6E673EE9BE99E4B98BE8BF94E4B9A1E7BB93E5B180E69DA1E4BBB6EFBC9A3C2F7374726F6E673E3C2F7370616E3E3C2F703E3C70207374796C653D22746578742D616C69676E3A2063656E7465723B223EE38080E380803C7370616E207374796C653D22637572736F723A706F696E7465723B223E3C7370616E207374796C653D22637572736F723A706F696E7465723B223E3C696D67207372633D2268747470733A2F2F696D67312E616C693231332E6E65742F676C7069632F323032322F30392F31392F3538345F323032323039313935333230363933372E706E67223E3C2F7370616E3E3C2F7370616E3E3C2F703E3C703EE38080E38080312EE9A696E58588EFBC8CE59CA8E4B989E788B6E4B88EE58685E5BA9CE5869BE694BBE58DA0E88B87E5908DE59F8EE79A84E697B6E58099E4B88EE4B989E788B6E79BB8E98187EFBC8CE98089E68BA9E8BF9DE8838CE4B989E788B6E591BDE4BBA4E380823C2F703E3C703EE38080E38080322EE588B0E88B87E5908DE4B98BE59CB0E6B0B4E7949FE69D91E68993E781B5E4BD93E7A0B4E68892E583A7E68BBFE588B0E79FB3E5A4B428E4B8BBE8A681E698AFE4B8BAE4BA86E5ADA6E4BC9AE6BD9CE6B0B429E380823C2F703E3C703EE38080E38080332EE58EBBE6ADA3E6AEBFE69187E99383E9939BE8BF9BE585A5E5B9BBE5A283E68A93E78CB4E5AD90EFBC8CE784B6E5908EE6898DE883BDE8BF9BE585A5E58685E6AEBFE8A781E588B0E58F98E88BA5E58DBFE5AD90E68B94E587BAE4B88DE6ADBBE696A9E380823C2F703E3C703EE38080E38080342EE69DA5E588B0E98791E5889AE5B1B1E4BB99E5B3B0E5AFBAE79A84E5AFBAE999A2E5A283E58685EFBC8CE99DA2E5898DE5B0B1E698AFE4B8AAE6B1A0E5AD90EFBC8CE899ABE4B9A6E5B0B1E59CA8E6B1A0E5AD90E58685EFBC8CE8A681E4B88BE58EBBE6BD9CE6B0B4E6898DE883BDE68BBFE588B0E380823C2F703E3C703EE38080E38080352EE4B88EE58F98E88BA5E58DBFE5AD90E5AFB9E8AF9DE88EB7E5BE97E7B1B3E5B9B6E4BCA0E98081E59B9EE7A0B4E5BA99E59083E68E89EFBC8CE5868DE59B9EE58EBBE68BBFE7B1B328E5A682E69E9CE6B2A1E69C89E7B1B3E58FAFE4BBA5E588B0E4BC91E681AFE7AD89E5BE8529EFBC8CE9A1BAE4BEBFE68A8AE899ABE4B9A6E4BAA4E7BB99E5A5B9E380823C2F703E3C703EE38080E38080362EE9878DE5A48DE5A49AE6ACA1E4BBA5E4B88AE6ADA5E9AAA4E79BB4E588B0E58DBFE5AD90E689BEE4BDA0E8A681E69FBFE5AD9028E69FBFE5AD90E58FAFE4BBA5E59CA8E4BB99E5B3B0E5AFBAE79A84E59586E4BABAE5A484E8B4ADE4B9B029EFBC8CE7BB99E5A5B9E59083E69FBFE5AD90EFBC8CE784B6E5908EE5A5B9E4BC9AE7BB99E4B880E7A78DE789B9E6AE8AE7B1B328E7BB99E79A87E5AD90E59083E79A8429E380823C2F703E3C70207374796C653D22746578742D616C69676E3A2063656E7465723B223EE38080E380803C7370616E207374796C653D22637572736F723A706F696E7465723B223E3C7370616E207374796C653D22637572736F723A706F696E7465723B223E3C696D6720207372633D2268747470733A2F2F696D67312E616C693231332E6E65742F676C7069632F323032322F30392F31392F3538345F323032323039313935333230363233302E706E6722203E3C2F7370616E3E3C2F7370616E3E3C2F703E3C703EE38080E38080372EE4BCA0E98081E59B9EE88B87E5908DE59F8EE79A87E5AD90E5B185E5AEA4EFBC8CE7BB99E79A87E5AD90E7B1B3E5B9B6E5868DE6ACA1E5AFB9E8AF9DEFBC8CE4BC91E681AFE78987E588BBE58FAFE5BE97E4B8A4E4B8AAE9A5BC28E5BD93E99DA2E59083E68E89E4B880E4B8AAE4BC9AE69C89E5BDA9E89B8B29E380823C2F703E3C703EE38080E38080382EE59B9EE58EBBE689BEE58F98E88BA5E58DBFE5AD90E5AFB9E8AF9DEFBC8CE5868DE58E9FE59CB0E4BC91E681AF28E9ACBCE4BD9BE5A48429EFBC8CE784B6E5908EE4BC9AE58F91E78EB0E58DBFE5AD90E6B688E5A4B1E4BA86EFBC8CE58EBBE5B9BBE5A283E58FAFE4BBA5E689BEE588B0E5A5B9EFBC8CE8B79FE5A5B9E5AFB9E8AF9DE6A0B9E68DAEE99C80E6B182E5A5B9E4BC9AE8AEA9E4BDA0E689BEE4B880E69CACE4B9A6E380823C2F703E3C70207374796C653D22746578742D616C69676E3A2063656E7465723B223EE38080E380803C7370616E207374796C653D22637572736F723A706F696E7465723B223E3C7370616E207374796C653D22637572736F723A706F696E7465723B223E3C696D67207372633D2268747470733A2F2F696D67312E616C693231332E6E65742F676C7069632F323032322F30392F31392F3538345F323032323039313935333230383532382E706E67223E3C2F7370616E3E3C2F7370616E3E3C2F703E3C703EE38080E3808039E38081E59B9EE588B0E6ADA3E6AEBFEFBC8CE69DA5E588B0E4BEA7E997A828E5B0B1E698AFE68BBFE68BB3E6B395E79A84E982A3E4B8AAE5B1B1E6B49EE79A84E997A829E8BF9BE5B1B1E6B49EE5BE80E68BB3E6B395E4BD9BE5A194E5898DE8BF9BEFBC8CE784B6E5908EE58DB3E5B086E588B0E4BD9BE5A194E79A84E697B6E5809928E8BF98E6B2A1E58BBEE4B88AE58EBBE982A3E9878C29E69C89E4B880E68E92E79FB3E5A4B4E4BD9BE5838FE5928CE4B880E4B8AAE8939DE889B2E79A84E583A7E4BABA28E58E9FE69CACE697A0E4BBBBE4BD95E4BAA4E4BA9229EFBC8CE6ADA4E697B6E58FAFE4BBA5E59CA8E583A7E4BABAE5A484E68BBEE58F96E4B880E69CACE4B9A6EFBC8CE5B8A6E59B9EE58EBBE689BEE58DBFE5AD90E5AFB9E8AF9DEFBC8CE5A5B9E4BC9AE99C80E6B182E4B8A4E4B8AAE789B9E588ABE79A84E69FBFE5AD90E380823C2F703E3C703EE38080E3808031302EE5B9B2E69FBFE5AD903AE585B3E994AEE680A7E68A80E883BDE58280E584A1E69CAFEFBC8CE587BBE69D80E8A782E78CB4E38081E997BBE78CB4E38081E8A880E78CB4E5908EE88EB7E5BE97E38082E9A696E58588E59CA8E59DA0E890BDE4B98BE8B0B7E88FA9E890A8E8B0B7E4BCA0E98081E782B9EFBC8C28E58DB3E68993E78BAEE5AD90E78CBF424F5353E79A84E4BD8DE7BDAEE4B98BE5898D29E8AFB7E7AB8BE588BBE59B9EE5A4B4EFBC8CE784B6E5908EE8B7B3E4B88BE6AF92E6B2BCE6B3BD28E8A681E794A8E4B880E4B88BE992A9E7BBB3EFBC8CE4B88DE784B6E4BC9AE69194E6ADBB29E38082E4B880E79BB4E8B5B0EFBC8CE58FB3E8BEB9E883BDE79C8BE588B0E4B880E4B8AAE58D96E4B89CE8A5BFE79A84E4BE9BE585BBE4BC97EFBC8CE8B7B3E585A5E585B6E8BAABE5908EE79A84E6B49EE7A9B4E38082E8B7AFE4B88AE883BDE79C8BE8A781E799BDE89B87EFBC8CE4B88DE8A681E7AEA1EFBC8CE5BE80E6B7B1E5A484E4B880E79BB4E8B5B0EFBC8CE4BB8EE4B880E4B8AAE696ADE5B496E79A84E5B7A6E8BEB9E8B7B3E4B88BE58EBBEFBC8CE883BDE58F91E78EB0E4B880E58FAAE78CB4E5AD90E38082E4BB8EE8838CE5908EE5BF8DE69D80E4B98BEFBC8CE5B9B6E58F91E58AA8E58280E584A1E69CAFE38082E78CB4E5AD90E5B0B1E4BC9AE590B8E5BC95E799BDE89B87E79A84E6B3A8E6848FEFBC8CE4BDA0E5B0B1E58FAFE4BBA5E4B998E69CBAE4BB8EE4B88AE99DA2E79A84E79FB3E8B7AFE4B88AE8BF87E58EBBEFBC8CE8BF9BE585A5E7A5A0E5A082EFBC8CE9878CE99DA2E883BDE689BEE588B0E5B9B2E69FBFE5AD903C2F703E3C70207374796C653D22746578742D616C69676E3A2063656E7465723B223EE38080E380803C7370616E207374796C653D22637572736F723A706F696E7465723B223E3C7370616E207374796C653D22637572736F723A706F696E7465723B223E3C696D67207372633D2268747470733A2F2F696D67312E616C693231332E6E65742F676C7069632F323032322F30392F31392F3538345F323032323039313935333230363738372E706E67223E3C2F7370616E3E3C2F7370616E3E3C2F703E3C703EE38080E3808031312EE6B9BFE69FBFE5AD903AE4BB8EE4BB99E5B3B0E5AFBAE7ACACE4B880E4B8AAE4BCA0E98081E782B9E4B880E79BB4E5BE80E58FB3E4B88BEFBC8CE883BDE79C8BE588B0E4B880E58FAAE9A38EE7AD9DEFBC8CE5908CE697B6E9A38EE7AD9DE99984E8BF91E69C89E4B880E4B8AAE79FAEE5AD90E6958CE4BABAE38082E784B6E5908EE5BF8DE69D80E5B9B6E4B894E58F91E58AA8E58280E584A1E69CAFEFBC8CE784B6E5908EE5B8A6E79D80E5AE83E588B0E9A38EE7AD9DE99984E8BF91EFBC8CE5B0B1E883BDE4BF9DE8AF81E9A38EE7AD9DE6B0B8E8BF9CE5A484E4BA8EE9A39EE8B5B7E78AB6E68081E38082E784B6E5908EEFBC8CE689BEE59CB0E696B9E58BBEE9A38EE7AD9DE5B0B1E883BDE588B0E9A38EE7AD9DE99984E8BF91E79A84E9AB98E59DA1EFBC8CE794A8E9A38EE7AD9DE992A9E7BBB3E588B0E5AFB9E99DA2EFBC8CE4BB8EE58FB3E8BEB9E8B7B3E4B88BEFBC8CE4B880E8B7AFE992A9E7BBB3EFBC8CE883BDE79C8BE588B0E4B880E4B8AAE9ACBCE4BD9BE38082E5868DE5BE80E5898DEFBC8CE58FAFE4BBA5E58F91E78EB0E5B7A8E5A4A7E79A84E799BDE89B87E79B98E6978BE4BA8EE4B88BEFBC8CE8B7B3E4B88BE58EBBE5BF8DE69D80EFBC8CE5B0B1E883BDE5BE97E588B0E9B29CE69FBFE5AD90E380823C2F703E3C70207374796C653D22746578742D616C69676E3A2063656E7465723B223EE38080E380803C7370616E207374796C653D22637572736F723A706F696E7465723B223E3C7370616E207374796C653D22637572736F723A706F696E7465723B223E3C696D67207372633D2268747470733A2F2F696D67312E616C693231332E6E65742F676C7069632F323032322F30392F31392F3538345F323032323039313935333230373834342E706E67223E3C2F7370616E3E3C2F7370616E3E3C2F703E3C703EE38080E3808031322EE59B9EE58EBBE689BEE58F98E88BA5E58DBFE5AD90E5AFB9E8AF9DEFBC8CE98089E68BA9E5B086E4B8A4E4B8AAE69FBFE5AD90E983BDE7BB99E5A5B9EFBC8CE784B6E5908EE4BC91E681AFE78987E588BB28E9ACBCE4BD9B29EFBC8CE5868DE4B88EE58DBFE5AD90E5AFB9E8AF9DE5B0B1E883BDE88EB7E5BE97E586B0E6B3AAE380823C2F703E3C703EE38080E3808031332EE7BBA7E7BBADE68EA8E8BF9BE7A88BEFBC8CE69D80E5AE8CE6A8B1E9BE99E88EB7E5BE97E9BE99E6B3AAE380823C2F703E3C70207374796C653D22746578742D616C69676E3A2063656E7465723B223EE38080E380803C7370616E207374796C653D22637572736F723A706F696E7465723B223E3C7370616E207374796C653D22637572736F723A706F696E7465723B223E3C696D67207372633D2268747470733A2F2F696D67312E616C693231332E6E65742F676C7069632F323032322F30392F31392F3538345F323032323039313935333230373237312E706E67223E3C2F7370616E3E3C2F7370616E3E3C2F703E3C703EE38080E3808031342EE587BBE69D80E5B191E4B880E9838EE5928CE58991E59CA3E88B87E5908DE4B880E5BF83EFBC8CE5868DE8AEA9E79A87E5AD90E68A8AE586B0E6B3AAE5928CE9BE99E6B3AAE69C8DE4B88BEFBC8CE5B0B1E883BDE8BEBEE588B0E9BE99E4B98BE8BF94E4B9A1E7BB93E5B180E380823C2F703E3C70207374796C653D22746578742D616C69676E3A2063656E7465723B223EE38080E380803C7370616E207374796C653D22637572736F723A706F696E7465723B223E3C7370616E207374796C653D22637572736F723A706F696E7465723B223E3C696D67207372633D2268747470733A2F2F696D67312E616C693231332E6E65742F676C7069632F323032322F30392F31392F3538345F323032323039313935333230373939302E706E67223E3C2F7370616E3E3C2F7370616E3E3C2F703E0A, '2022-11-27 17:16:44', 0, 2, 1, 2, 1);
INSERT INTO `article` VALUES (4, '《只狼影逝二度》背景分析 苇名一族兴衰史', 'zl2.jpg', 0x3C703EE380803C7370616E207374796C653D22636F6C6F723A234646303030303B223E3C7374726F6E673EE38080E88B87E5908DE4B880E6978FE585B4E8A1B0E58FB23C2F7374726F6E673E3C2F7370616E3E3C2F703E3C703E3C7370616E207374796C653D22636F6C6F723A233030303043443B223EE38080E38080E5898DE8A880EFBC9A3C2F7370616E3E3C2F703E3C703EE38080E38080E69CACE88083E5AF9FE79A84E59FBAE7A180E89E8DE59088E4BA86E78EB0E5AE9EE79A84E697A5E69CACE5AE97E69599E58F91E5B195E58FB2EFBC8CE587A1E3808AE58FAAE78BBCE3808BE4B8ADE6B2A1E69C89E4B893E997A8E8AFB4E6988EE79A84EFBC8CE983BDE4BBA5E6B39BE4BABAE7B1BBE58FB2E4B8BAE6A087E58786EFBC8CE587A1E58FAAE78BBCE4B8ADE69C89E69687E5AD97E5928CE58FA4E8BFB9E8AEB0E5BD95E79A84EFBC8CE58899E4BBA5E69C88E79083E5958AE4B88DE5AFB9E6A8B1E9BE99E58FB2E4B8BAE6A087E58786E380823C2F703E3C703EE380803C7370616E207374796C653D22636F6C6F723A233030303043443B223EE38080E5BA8FEFBC9A3C2F7370616E3E3C2F703E3C703EE38080E38080E9A696E58588EFBC8CE697A5E69CACE69C80E697A9E79A84E69CACE59C9FE4BFA1E4BBB0E698AFE7A59EE98193E69599EFBC8CE698AFE4B880E7A78DE6B39BE887AAE784B6E7B2BEE781B5E4BFA1E4BBB0EFBC8CE68980E8B093E585ABE799BEE4B887E7A59EE6988EEFBC8CE5B1B1E5B79DE88D89E69CA8E58AA8E789A9E79A86E58FAFE4B8BAE7A59EEFBC8CE69C80E697A9E5B9B6E6B2A1E69C89E7A59EE98193E69599E8BF99E4B8AAE5908DE5AD97EFBC8CE698AFE59CA8E585ACE5858335E4B896E7BAAAE4BD9BE69599E4BCA0E585A5E4B98BE5908EE4B8BAE4BA86E5AFB9E5BA94E58CBAE58886EFBC8CE8B5B7E4BA86E7A59EE98193E4B98BE5908DEFBC8CE4BD9BE69599E5928CE7A59EE98193E899BDE784B6E59CA8E697A5E69CACE694BFE6B2BBE9AB98E5B182E4BA92E69C89E7AB9EE4BA89EFBC8CE4BD86E698AFE585B1E5AD98E79A84E4B880E99DA2E4B99FE5BE88E5B9BFEFBC8CE585B6E4B8ADE4B880E4B8AAE58E9FE59BA0E698AFE7A59EE98193E79A84E5AE97E69599E4B8BBE8A681E5AFB9E5BA94E79A84E698AFE7949FE88085EFBC8CE5AFB9E5A484E79086E6ADBBE88085E5928CE4BAA1E9AD82E58899E4B88DE5A4AAE69385E995BFEFBC8CE8808CE4BD9BE69599E5BE88E69385E995BFE5A484E79086E8BF99E4BA9BEFBC8CE68980E4BBA5E697A5E69CACE79A84E891ACE7A4BCE5A4A7E5A49AE698AFE4BAA4E7BB99E4BD9BE69599E58EBBE58A9EE79A84E38082E8BF99E4B880E782B9E59CA8E58FAAE78BBCE4B8ADE585B6E5AE9EE4B99FE69C89E4BD93E78EB0EFBC8CE68980E69C89E4BAA1E9AD82E79BB8E585B3E79A84E585A8E983BDE698AFE4BD9BE69599E8AEBEE696BDE5928CE98791E5889AE5B1B1E4BB99E5B3B0E5AFBAE8838CE699AFE380823C2F703E3C703EE38080E38080E68980E4BBA5E58FAAE78BBCE4B896E7958CEFBC8CE7A59EE9BE99E585A5E4BEB5E4B98BE5898DE79A84E88B87E5908DE5889DE5A78BE5AE97E69599E8838CE699AFEFBC8CE698AFE585ABE799BEE4B887E7A59EE98193E69599E5928CE4BD9BE69599E79A84E5B9B6E7AB8BEFBC8CE599ACE7A59EE88DAFE4B88AE8AFB4E6988EE79A84E88B87E5908DE5B08FE5B08FE7A59EE6988EE79BB8E585B3EFBC8CE6BA90E4B98BE5AEABE79A84E7A59EE7A4BEE98197E8BFB9EFBC8CE59DA0E890BDE4B98BE8B0B7E5A4A7E9878FE79A84E5B7A8E4BD9BE5838FEFBC8CE8BF99E983BDE698AFE4B985E8BF9CE4B98BE5898DE8BF99E4B8A4E4B8AAE5AE97E69599E5B0B1E5B7B2E7BB8FE59CA8E88B87E5908DE6898EE6A0B9E79A84E8AF81E68DAEE380823C2F703E3C703E3C7370616E207374796C653D22636F6C6F723A233030303043443B223EE38080E38080E7ACACE4B880E6ACA1E88B87E5908DE5AE97E69599E58F98E8BF81EFBC9AE7A59EE9BE99E8A5BFE69DA5E4B88EE7A5ADE7A59EE69BBFE68DA23C2F7370616E3E3C2F703E3C703EE38080E38080E784B6E5908EE6A8B1E9BE99E887AAE8A5BFE696B9E8808CE69DA5EFBC8CE59CA8E88B87E5908DE6898EE6A0B9EFBC8CE5B08FE5B08FE7A59EE6988EE4BBACE6B688E5A4B1E697A0E8B8AAEFBC8CE5BA94E8AFA5E698AFE6A8B1E9BE99E590B8E694B6E4BA86E88B87E5908DE5A4A7E59CB0E79A84E883BDE9878FEFBC8CE68980E4BBA5E5AFBCE887B4E5B08FE7A59EE6988EE4BBACE697A0E6B395E7949FE5AD98E4BA86EFBC8CE4B99FE59BA0E6ADA4E4BAA7E7949FE4BA86E88B87E5908DE79A84E7ACACE4B880E6ACA1E5AE97E69599E58F98E8BF81EFBC8CE4B99FE5B0B1E698AFE69CACE59CB0E7A59EE98193E69599E79A84E7A5ADE7A580E5AFB9E8B1A1EFBC8CE794B1E5B08FE5B08FE79A84E585ABE799BEE4B887E7A59EE6988EEFBC8CE58F98E68890E4BA86E5BCBAE5A4A7E79A84E6A8B1E9BE99EFBC8CE899BDE784B6E698AFE5A496E69DA5E7A59EE585A5E4BEB5EFBC8CE4BD86E8BF99E4B8AAE694B9E58F98E69C80E5889DE8BF98E698AFE7BB99E88B87E5908DE5B8A6E69DA5E4BA86E5A5BDE5A484E4BA86EFBC8CE6AF95E7AB9FE5BCBAE5A4A7E79A84E7A59EEFBC8CE68E88E4BA88E79A84E58A9BE9878FE4B99FE69BB4E5BCBAE5A4A7EFBC8CE58E9FE69DA5E79A84E88B87E5908DE4BCA4E88DAFE899BDE784B6E5B0B1E69C89E4B88DE99499E79A84E58A9BE9878FEFBC8CE4BD86E5B7ABE5A5B3E7A5ADE7A580E7A59EE9BE99E7BC94E7BB93E5A591E7BAA6E4B98BE5908EE68980E4BAA7E7949FE79A84E9BE99E883A4E4B98BE5AD90EFBC8CE4B88DE4BD86E697A0E6B395E8A2ABE699AEE9809AE585B5E599A8E68980E4BCA4EFBC8CE8808CE4B894E8BF98E883BDE68E88E4BA88E585B6E79CB7E5B19EE8B5B7E6ADBBE59B9EE7949FE4B98BE58A9BEFBC8CE8BF99E697A0E79691E698AFE5BCBAE5A4A7E79A84E7A59EE58A9BE5928CE7A59EE8BFB9EFBC8CE4BBA5E6ADA4E4B8BAE4BE9DE68998EFBC8CE88B87E5908DE4BABAE59CA8E7A59EE9BE99E8849AE4B88BEFBC8CE9BE99E6B389E6B68CE587BAE5A484E5BBBAE7AB8BE4BA86E7B981E88DA3E79A84E6BA90E4B98BE5AEABE38082E5969DE4B88BE6BA90E6B0B4E79A84E88B87E5908DE4BABAEFBC8CE88BA5E698AFE4BD93E58685E995BFE587BAE7BB93E79FB3EFBC8CE982A3E5B0B1E698AFE88EB7E5BE97E4BA86E7A59EE9BE99E4B98BE58A9BE79A84E59089E58586EFBC8CE5BA94E8AFA5E4BE9BE5A589E6ADA4E79FB3EFBC8CE5B9B6E7849AE9A699E5898DE5BE80E6BA90E4B98BE5AEABE380823C2F703E3C703EE38080E38080E5BD93E784B6EFBC8CE9BE99E883A4E4B98BE58A9BEFBC8CE5B9B6E99D9EE6AFABE697A0E4BBA3E4BBB7E79A84E58D95E7BAAFE7BE8EE4BA8BEFBC8CE6ADA3E5A682E7A59EE9BE99E6898EE6A0B9E5A4BAE58F96E4BA86E5BD93E59CB0E5B08FE7A59EE79A84E7949FE591BDE58A9BEFBC8CE9BE99E883A4E4BB8EE88085E79A84E8B5B7E6ADBBE59B9EE7949FEFBC8CE698AFE8A681E590B8E58F96E591A8E59BB4E585B6E4BB96E4BABAE7B1BBE79A84E7949FE591BDE58A9BE4B8BAE4BBA3E4BBB7E79A84E380823C2F703E3C703EE38080E38080E4BD86E698AFEFBC8CE79C9FE6ADA3E79A84E9BB91E69A97E697B6E588BBEFBC8CE8BF98E8BF9CE69CAAE5BC80E5A78BE380823C2F703E3C70207374796C653D22746578742D616C69676E3A2063656E7465723B223E3C7370616E207374796C653D22637572736F723A706F696E7465723B223E3C7370616E207374796C653D22637572736F723A706F696E7465723B223E3C696D67207372633D2268747470733A2F2F696D67312E616C693231332E6E65742F676C7069632F323031392F30342F30382F3538345F323031393034303839343835393430382E6A706722203E3C2F7370616E3E3C2F7370616E3E3C2F703E3C703E3C7370616E207374796C653D22636F6C6F723A233030303043443B223EE38080E38080E7ACACE4BA8CE6ACA1E88B87E5908DE5AE97E69599E58F98E8BF81EFBC9AE9B1BCE4BABAE585A5E4BEB5EFBC8CE59CA3E59CB0E4B8A2E5A4B1EFBC8CE68AA4E59BBDE8B4A5E58C97EFBC8CE6B7B1E6BD9CE6B1A1E69F933C2F7370616E3E3C2F703E3C703EE38080E38080E5A5BDE699AFE4B88DE995BFEFBC8CE7A59EE9BE99E4B98BE58A9BE590B8E5BC95E69DA5E4BA86E5A496E4B9A1E79A84E8A78AE8A78EE88085EFBC8CE982A3E5B0B1E698AFE99D9EE4BABAE79A84E9B1BCE4BABAE7A78DEFBC8CE6B7A4E58AA0E7BE8EE4B880E6978FEFBC8CE58FAAE78BBCE9878CE79A84E6B7A4E58AA0E7BE8EE4B880E6978FE585B6E5AE9EE698AFE7BB8FE585B8E79A84E5858BE88B8FE9B281E7B3BBE6B7B1E6BD9CE88085E79A84E4B89CE696B9E7BFBBE78988EFBC8CE5AEABE5B48EE88BB1E9AB98E6AF95E7AB9FE5819AE8BF87E3808AE8A180E7BC98E8AF85E59292E3808BEFBC8CE5A597E8B7AFE7869FE7BB83E38082E6B7A4E58AA0E7BE8EE9B1BCE4BABAE4B8BAE4BA86E8BFBDE6B182E4BB99E4B9A1E79A84E58A9BE9878FEFBC8CE6ADA6E58A9BE585A5E4BEB5E88B87E5908DEFBC8CE5B9B6E4B894E5A5B9E4BBACE79A84E6ADA6E58A9BE585A5E4BEB5E99D9EE5B8B8E68890E58A9FEFBC8CE4B88DE4BB85E69FA5E6988EE4BA86E5898DE5BE80E6BA90E4B98BE5AEABE79A84E696B9E6B395EFBC8CE8808CE4B894E68993E7A9BFE4BA86E88B87E5908DE59F8EEFBC8CE4BB8EE59CB0E98193E68A95E8BAABE88B87E5908DE4B98BE5BA95EFBC8CE4BB8EE6B0B4E7949FE69D91E79A84E4B88AE8BDBFE5A484E68AB5E8BEBEE6BA90E4B98BE5AEABEFBC8CE5B9B6E4B894E4BEB5E58DA0E4BA86E58E9FE69DA5E88B87E5908DE4BABAE68980E5BBBAE7AB8BE79A84E6BA90E4B98BE5AEABE380823C2F703E3C703EE38080E38080E6BA90E6B0B4E79A84E8AFB8E5A49AE681B6E680A7E58F98E5BC82EFBC8CE794B1E6ADA4E8808CE8B5B7E380823C2F703E3C703EE38080E38080E5928CE88B87E5908DE4BABAE4B88DE5908CEFBC8CE9B1BCE4BABAE5AFB9E7A59EE6988EE7BCBAE5B091E695ACE6848FEFBC8CE89BAEE6978FE4B99FE6A0B9E69CACE4B88DE79FA5E7A5ADE7A580E4B98BE98193EFBC8CE887AAE784B6E6B2A1E883BDE88EB7E5BE97E7A59EE9BE99E79A84E8AEA4E58FAFEFBC8CE68980E4BBA5E6B7A4E58AA0E7BE8EE4BABAE5B9B6E69CAAE8A2ABE68E88E4BA88E9BE99E883A4E4B98BE58A9BEFBC8CE4BA8EE698AFE5AE83E4BBACE68A8AE6BA90E4B98BE5AEABE6B7B9E6B2A1E4BA86E5A4A7E58D8AEFBC8CE58F98E68890E585BBE9B2A4E9B1BCE79A84E6B1A0E5A198EFBC8CE8AEA9E887AAE5B7B1E4B880E6978FE4B98BE995BFE9809AE8BF87E590B8E694B6E6BA90E6B0B4E79A84E7A59EE58A9BEFBC8CE58F98E68890E4B88DE69CBDE79A84E9B2A4E9B1BCEFBC8CE4BBA5E6ADA4E696B9E6B395E79B97E58F96E7A59EE9BE99E79A84E4B88DE69CBDE681A9E683A0E38082E4B88DE4BB85E5A682E6ADA4EFBC8CE9B1BCE4BABAE4B880E6978FE4B8BAE4BA89E5A4BAE68890E4B8BAE4B88DE69CBDE9B2A4E9B1BCE79A84E69CBAE4BC9AE5BDBCE6ADA4E69A97E7AE97EFBC8CE585BBE89B8AE68A95E6AF92EFBC8CE587A0E4BBA3E9B1BCE78E8BE983BDE8A2ABE5908EE69DA5E88085E8B08BE69D80E58F96E4BBA3E380823C2F703E3C703EE38080E38080E794A8E69DA5E8B08BE69D80E9B1BCE78E8BE79A84E5AF84E7949FE899ABEFBC8CE59083E4B88BE4B88DE69CBDE9B2A4E9B1BCE79A84E88289E4B98BE5908EE88EB7E5BE97E4B88DE6ADBBE4B98BE8BAABEFBC8CE5868DE9809AE8BF87E6BA90E6B0B4E6B581E5BE80E5A496E7958CEFBC8CE8A2ABE8BF99E4BA9BE899ABE5AD90E5AF84E7949FE4B98BE4BABAEFBC8CE58DB3E68980E8B093E99984E899ABE88085EFBC8CE5B0B1E88EB7E5BE97E4BA86E8999AE58187E79A84E4B88DE6ADBBEFBC8CE784B6E8808CE8BF99E7A78DE4B88DE6ADBBE79A84E585B6E5AE9EE5B9B6E99D9EE5AEBFE4B8BBEFBC8CE6ADBBE588B0E69C80E5908EEFBC8CE5B0B1E4BC9AE58F98E68890E4B880E585B7E8A2ABE899ABE5AD90E6938DE68EA7E79A84E6B4BBE58AA8E5B0B8E9AAB8E7BDA2E4BA86E380823C2F703E3C703EE38080E38080E4B88DE8BF87EFBC8CE99984E899ABE88085E79A84E4BA8BE68385EFBC8CE5B09AE698AFE5908EE8AF9DEFBC8CE59CA8E7ACACE4BA8CE6ACA1E58F98E8BF81E697B6E69C9FEFBC8CE8A2ABE585A5E4BEB5E79A84E88B87E5908DE4BABAEFBC8CE8A2ABE9B1BCE4BABAE68AA2E8B5B0E7A59EE5AEABE5928CE5BEA1E7A59EE4BD93EFBC8CE5BD93E784B6E4B88DE4BC9AE697A0E58AA8E4BA8EE8A1B7EFBC8CE8A2ABE98090E587BAE4BB99E4B9A1E79A84E6BA90E6B0B4E7A59EE5AE98EFBC8CE5B8A6E79D80E4B88EE7A59EE9BE99E8A7A3E7BAA6E794A8E79A84E4B88DE6ADBBE696A9E2809CE68B9CE6B3AAE2809DE68A95E99DA0E98791E5889AE5B1B1E4BB99E5B3B0E5AFBAEFBC8CE4BB99E5B3B0E5AFBAE4BBA5E2809CE68B9CE6B3AAE2809DE4B8BAE59FBAE7A180EFBC8CE7A094E7A9B6E587BAE9BB91E4B88DE6ADBBE696A9E2809CE5BC80E997A8E2809D28E9BB91E4B88DE6ADBBE696A9E79A84E58880E994B7EFBC8CE5BE88E6988EE698BEE79A84E698AFE4BD9BE69599E88EB2E88AB1E980A0E59E8B29EFBC8CE5BC80E590AFE9BB84E6B389E4B98BE997A8EFBC8CE4BBA5E6ADA4E4B8BAE59FBAE7A180E4BDBFE794A8E4B880E7B3BBE58897E79A84E9998DE781B5E69CAFE5928CE6ADBBE781B5E69CAFEFBC8CE694AFE68FB4E68AA4E59BBDE58B87E5A3ABE5AFB9E6B7A4E58AA0E7BE8EE4BABAE79A84E58589E5A48DE4B98BE68898EFBC8CE8BF99E5B0B1E698AFE58FA4E4BBA3E68AA4E59BBDE68898E4BA89E79A84E58685E5AEB9E380823C2F703E3C703EE38080E38080E784B6E8808CE68AA4E59BBDE68898E4BA89EFBC8CE69C80E7BB88E4BBA5E88B87E5908DE4BABAE79A84E5A4B1E8B4A5E8808CE5918AE7BB88EFBC8CE68AA4E59BBDE58B87E5A3ABE899BDE784B6E69BBEE4B880E5BAA6E68993E4B88AE6BA90E4B98BE5AEABEFBC8CE58DB4E69CAAE883BDE5A4BAE59B9EEFBC8CE5BE92E79599E4BAA1E9AD82E4BA8EE6B0B4E5BA95EFBC8CE59BA0E4B8BAE59CA8E68898E4BA89E4B8ADE4BDBFE794A8E79A84E6ADBBE781B5E69CAFE79A84E6AE8BE79599E5BDB1E5938DEFBC8CE8AFB8E5A49AE6ADBBE88085E58C96E4B8BAE697A0E9A696E681B6E781B5E5928CE4B883E99DA2E6ADA6E5A3AB28E6B3A8E6848FE79C8BE4B883E99DA2E6ADA6E5A3ABE6898BE4B8ADE6ADA6E599A8EFBC8CE5908CE6A0B7E698AFE4BD9BE69599E79A84E6B395E599A829EFBC8CE887B3E4BB8AE4BB8DE784B6E5BDB7E5BEA8E59CA8E88B87E5908DE59084E59CB0E380823C2F703E3C703EE38080E38080E8808CE6B7A4E58AA0E7BE8EE4BABAE5A4A7E88EB7E585A8E8839CE4B98BE5908EE997ADE585B3E887AAE5AE88EFBC8CE4BBA5E5B487E68B9CE799BDE89B87EFBC8CE5AE9EE8A18CE6B4BBE7A5ADE79A84E89B87E79CBCE6978FE5B081E99481E59DA0E890BDE4B98BE8B0B7EFBC8CE4BB99E5B3B0E5AFBAE59BA0E6ADA4E4B8A2E68E89E4BA86E887AAE5B7B1E79A84E4BD9BE69599E69C9DE59CA3E59CB03BE8808CE4BBA5E99BBEE99A90E8B4B5E4BABAE588B6E980A0E8BFB7E99BBEE5B081E99481E5898DE5BE80E6B0B4E7949FE69D91E79A84E98193E8B7AFEFBC8CE4BDBFE5BE97E88B87E5908DE79A84E7A59EE98193E4BFA1E88085E4B99FE697A0E4BB8EE4B88AE8BDBFEFBC8CE8808CE6B0B4E7949FE69D91E69D91E6B091E58899E59CA8E6B7A4E58AA0E7BE8EE4BFA1E4BBB0E79A84E89B8AE68391E4B88BEFBC8CE7979BE9A5AEE8A2ABE6B1A1E69F93E79A84E6BA90E6B0B4EFBC8CE6B7B7E5BE97E69C80E5A5BDE79A84EFBC8CE5B0B1E698AFE5838FE5858BE88B8FE9B281E6B7B1E6BD9CE88085E982A3E6A0B7EFBC8CE887AAE5B7B1E58F98E5BC82E68890E7B1BBE4BCBCE6B7A4E58AA0E7BE8EE9B1BCE4BABAE79A84E68980E8B093E2809CE8B4B5E6978FE2809DEFBC8CE6B7B7E5BE97E5B7AEE79A84EFBC8CE5B0B1E58F98E68890E58D8AE6ADBBE4B88DE6B4BBE79A84E6B2B3E7ABA5E680AAE8B49FE8B4A3E68D89E899ABE5AD90EFBC8CE8808CE982A3E4BA9BE6ADBBE68E89E79A84E4BABAEFBC8CE58899E8A2ABE6A0BDE7A78DE588B0E6B0B4E7949FE69D91E79A84E6B1A0E5A198E5BA95E983A8E794A8E69DA5E59FB9E882B2E799BDE889B2E89B9EE89D93EFBC8CE8808CE8BF99E4BA9BE794A8E4BABAE5B0B8E585BBE587BAE69DA5E79A84E89B9EE89D93E5B0B1E698AFE9B1BCE78E8BE79A84E5B08AE8B4B5E9A5B5E9A39FE38082E59CA8E6B0B4E7949FE69D91E6A2AFE794B0E5B0BDE5A4B4E68BBFE9BE99E6B389E98592E982A3E9878CE79A84E7A59EE9BE9BEFBC8CE4BE9BE5A589E79A84E5B0B1E585A8E698AFE8BF99E7A78DE799BDE889B2E89B9EE89D93E38082E59DA0E890BDE4B98BE8B0B7E79A84E4BD9BE69599E99B95E5838FE4B88AEFBC8CE7BCA0E4B88AE799BDE89B87E4B98BE79AAEEFBC8CE588B0E5A484E983BDE58FAFE4BBA5E6988EE698BEE59CB0E79C8BE588B0E9B1BCE4BABAE585A5E4BEB5E58F91E5B195E585B6E79CB7E5B19EE7A78DE6978FE5928CE4BB8EE5B19EE4BFA1E4BBB0E5AFB9E88B87E5908DE69CACE59CB0E79A84E6B1A1E69F93E380823C2F703E3C703EE38080E38080E4BB8EE6BA90E4B98BE5AEABE9B1BCE4BABAE79A84E8A385E689AEE4B88AE69DA5E79C8BEFBC8CE698AFE5B9B3E5AE89E697B6E69C9FE79A84E8A385E5A487EFBC8CE68980E4BBA5E8BF99E5BA94E8AFA5E5B0B1E698AFE9B1BCE4BABAE585A5E4BEB5E79A84E58E86E58FB2E697B6E4BBA3E380823C2F703E3C70207374796C653D22746578742D616C69676E3A2063656E7465723B223E3C7370616E207374796C653D22637572736F723A706F696E7465723B223E3C7370616E207374796C653D22637572736F723A706F696E7465723B223E3C696D67207372633D2268747470733A2F2F696D67312E616C693231332E6E65742F676C7069632F323031392F30342F30382F3538345F323031393034303839343930303130322E6A706722203E3C2F7370616E3E3C2F7370616E3E3C2F703E3C703EE38080E380803C7370616E207374796C653D22636F6C6F723A233030303043443B223EE7ACACE4B889E6ACA1E88B87E5908DE5AE97E69599E58F98E8BF81EFBC9AE7A59EE98193E69599E6BA90E6B0B4E7A5ADE7A580E696ADE7BB9DEFBC8CE58FAAE79599E4BD9BE6B3953C2F7370616E3E3C2F703E3C703EE38080E38080E88B87E5908DE4BABAE887AAE5B7B1E5A4BAE4B88DE59B9EE6BA90E4B98BE5AEABEFBC8CE887AAE784B6E4BC9AE88083E89991E59091E69C9DE5BBB7E8AFB7E6B182E68FB4E5869BEFBC8CE784B6E8808CE69C9DE5BBB7E6B2A1E79086E794B1E4B8BAE4BDA0E4B880E4B8AAE5B1B1E59CB0E5B08FE59BBDE79A84E7A5ADE7A580E997AEE9A298E587BAE58AA8E5A4A7E5869BE694BBE68993E5A4A9E999A9EFBC8CE68980E4BBA5E88B87E5908DE4BABAE79A84E6B182E68FB4EFBC8CE5B0B1E58FAAE68DA2E69DA5E4BA86E5B9B3E5AE89E69C9DE5BBB7E79A84E4B880E7BAB8E6BA90E6B0B4E7A5ADE7A580E79A84E7A681E4BBA4EFBC8CE88B87E5908DE4BABAE882AFE5AE9AE5B9B6E4B88DE68385E684BFEFBC8CE4BD86E68993E4B88DE8B5A2E6B7A4E58AA0E7BE8EE9B1BCE4BABAEFBC8CE58FAAE5A5BDE68EA5E58F97E38082E59CA8E4B883E799BEE5B9B4E5908EE68898E59BBDE69CABE69C9FE8BF99E8A2ABE4B88DE79FA5E58E86E58FB2E79A84E5908EE4BABAE69BB2E8A7A3E68890E4BA86E69C9DE5BBB7E5AFB9E5BC82E7ABAFE4BFA1E4BBB0E79A84E8BFABE5AEB3EFBC8CE5AE9EE99985E4B88AE4B8A2E68E89E6BA90E4B98BE5AEABE5928CE9BE99E6B389E6B389E79CBCE79A84E983BDE698AFE4BDA0E887AAE5B7B1EFBC8CE883BDE680AAE69C9DE5BBB7E590973F3C2F703E3C703EE38080E38080E69CACE8BAABE697A5E69CACE7A59EE98193E79A84E585ABE799BEE4B887E7A59EE6988EE7A5ADE7A580E4BD93E7B3BBEFBC8CE899BDE784B6E4BBA5E5A4A9E785A7E7A59EE4B8BAE5B08AE995BFEFBC8CE4BD86E698AFE59084E59CB0E7A5ADE7A580E59084E59CB0E69CACE59C9FE79A84E887AAE784B6E7B2BEE781B5EFBC8CE7A59EE781B5EFBC8CE587B6E7859EEFBC8CE69CACE69DA5E5B0B1E698AFE7A59EE98193E79A84E59FBAE69CACE5BDA2E68081EFBC8CE4B99FE5B0B1E698AFE8AFB4E88BA5E697A0E6B7B1E6BD9CE88085E6B1A1E69F93E79A84E8AF9DEFBC8CE4BDA0E88B87E5908DE4BABAE788B1E7A5ADE7A580E88B87E5908DE79A84E9BE99E6B389E8BF98E698AFE788B1E7A5ADE7A580E799BDE89B87EFBC8CE8BF99E983BDE698AFE59CA8E7A59EE98193E69599E6ADA3E5B8B8E4BFA1E4BBB0E4BD93E7B3BBE58685E79A84E4B89CE8A5BFEFBC8CE69C9DE5BBB7E6A0B9E69CACE6B2A1E79086E794B1E58EBBE7A681E6ADA2E6ADA3E5B8B8E4BFA1E4BBB0EFBC8CE887AAE689BEE4B88DE5BFABE380823C2F703E3C703EE38080E38080E4BD86E6B1A1E69F93E5B7B2E7949FEFBC8CE4B88DE5BE97E4B88DE7A681EFBC8CE7BB93E69E9CE5B0B1E698AFE88B87E5908DE59BBDE79A84E59088E6B395E4BFA1E4BBB0E4B8BBE58A9BE58FAAE589A9E4B88BE4BD9BE69599EFBC8CE7A59EE98193E4B8ADE79A84E799BDE89B87E7A59EE7A4BEE899BDE784B6E8BF98E883BDE68993E693A6E8BEB9E79083EFBC8CE4BD86E698AFE982A3E698AFE89B87E79CBCE4BC97E59CA8E7A5ADE68B9CEFBC8CE88B87E5908DE4BC97E58FAAE883BDE8B9ADE4B8AAE783ADE997B9E380823C2F703E3C70207374796C653D22746578742D616C69676E3A2063656E7465723B223E3C7370616E207374796C653D22637572736F723A706F696E7465723B223E3C7370616E207374796C653D22637572736F723A706F696E7465723B223E3C696D6720207372633D2268747470733A2F2F696D67312E616C693231332E6E65742F676C7069632F323031392F30342F30382F3538345F323031393034303839343930313139372E6A706722203E3C2F7370616E3E3C2F7370616E3E3C2F703E3C703E3C7370616E207374796C653D22636F6C6F723A233030303043443B223EE38080E38080E7ACACE59B9BE6ACA1E88B87E5908DE5AE97E69599E58F98E8BF81EFBC9AE99984E899ABE6B4BBE5B0B8E8BFB7E5BF83E699BAEFBC8CE4BD9BE6B395E5B0BDE5A4B1E4BD99E9AD94E7AA9F3C2F7370616E3E3C2F703E3C703EE38080E38080E99984E899ABE88085E5AE9EE99985E4B88AE698AFE6BA90E6B0B4E6B1A1E69F93E4BAA7E7949FE79A84E6848FE5A496E4BA8BE69585EFBC8CE5B9B6E99D9EE58E9FE69C89E79BAEE79A84EFBC8CE99984E899ABE88085E79A84E899ABE69CACE69DA5E698AFE9B1BCE4BABAE794A8E4BA8EE58685E69697E79A84EFBC8CE58FAAE698AFE9A1BAE6B581E8BF9BE585A5E4BA86E4B88BE6B8B8E7949FE789A9E4BD93E58685EFBC8CE4BB99E5B3B0E4B88AE4BABAE8BFB7E68391E7A59EE9BE99E7BC98E4BD95E68E88E899ABEFBC8CE5A682E5908CE4B99DE9838EE8BFB7E68391E887AAE5B7B1E4B8BAE4BD95E8A2ABE68E88E4BA88E9BE99E883A4EFBC8CE585B6E5AE9EE983BDE698AFE59BA0E4B8BAE8BF99E698AFE58F91E7949FE59CA8E9B1BCE4BABAE585A5E4BEB5E5AFBCE887B4E6BA90E6B0B4E7A5ADE7A580E5928CE79BB8E585B3E5AE97E69599E8AEB0E5BD95E696ADE7BB9DE5BE88E4B985E4B98BE5908EE79A84E4BA8BE68385E4BA86EFBC8CE58E86E58FB2E79A84E79C9FE5AE9EE5B7B2E784B6E8A2ABE98197E5BF98E380823C2F703E3C703EE38080E38080E7A59EE9BE99E5B9B6E69CAAE68E88E899ABEFBC8CE7A59EE9BE99E8B79FE4BDA0E4BD9BE69599E5BE92E6A0B9E69CACE4B8A4E4B88DE79BB8E5B9B2EFBC8CE9BE99E883A4E4B98BE5AD90E6898DE698AFE6BA90E4B98BE5AEABE7A59EE59F9FE79A84E6ADA3E7898CE5B7ABE5A5B3E7ADBEE6ADA3E7898CE5A591E7BAA6E8A2ABE68E88E4BA88E6ADA3E7898CE7A59EE58A9BE79A84E68890E69E9CEFBC8CE4BDA0E59083E588B0E899ABE5AD90E7BAAFE5B19EE7949FE58C96E6B1A1E69F93E79A84E6848FE5A496E4BA8BE69585EFBC8CE4BDA0E4BB99E5B3B0E4B88AE4BABAE5AFB9E7A59EE9BE99E69DA5E8AFB4E5928CE9B2A4E9B1BCEFBC8CE89C88E89AA3EFBC8CE78CB4E5AD90E7BB9FE7BB9FE6B2A1E58CBAE588ABE380823C2F703E3C703EE38080E38080E784B6E8808CE4BB99E5B3B0E4B88AE4BABAE6B2A1E69C89E58E86E58FB2E5ADA6E5928CE88083E58FA4E5ADA6E79FA5E8AF86EFBC8CE58FAAE5A5BDE69EAFE59D90E79D80E59CA8E5AE97E69599E4B8ADE6B182E5BC80E6829FEFBC8CE784B6E8808CE4BDA0E4B88DE8B88FE8B88FE5AE9EE5AE9EE689BEE58FB2E69699EFBC8CE5ADA6E68891E4BBACE58FAAE78BBCE4B880E6A0B7E8B7B3E8B0B7E788ACE5B1B1E58EBBE6BA90E4B98BE5AEABE98197E8BFB9E88083E58FA4EFBC8CE58589E59D90E59CA8E5B1B1E6B49EE9878CE7A9BAE683B3EFBC8CE5BD93E784B6E698AFE6829FE4B88DE587BAE69DA5EFBC8CE58FAAE883BDE6829FE585A5E6ADA7E98094E38082E6829FE588B0E69C80E5908EE695B4E997B4E5AFBAE5BA99E983BDE8A2ABE4B88DE6ADBBE4B98BE58A9BE8BFB7E4BA86E5BF83E699BAEFBC8CE69C80E5908EE4BB99E5B3B0E5B1B1E5BC80E5A78BE68D95E69D80E4B88AE5B1B1E79A84E4BFA1E5BE92E585BBE899ABEFBC8CE4BBA5E58F8AE6B4BEE4B9B1E6B3A2E4BC97E4BB8EE88B87E5908DE59084E59CB0E79B97E58F96E5B08FE5ADA9E5AD90E794A8E4BA8EE58F98E88BA5E4B98BE5AD90E79A84E4BABAE4BD93E7A094E7A9B6EFBC8CE980A0E68890E5A4A7E9878FE5B9B3E6B091E6ADBBE4BAA1E38082E695B4E4B8AAE4BB99E5B3B0E5AFBAE58F98E68890E4BA86E5A696E9AD94E5B7A2E7A9B4E380823C2F703E3C70207374796C653D22746578742D616C69676E3A2063656E7465723B223E3C7370616E207374796C653D22637572736F723A706F696E7465723B223E3C7370616E207374796C653D22637572736F723A706F696E7465723B223E3C696D67207372633D2268747470733A2F2F696D67312E616C693231332E6E65742F676C7069632F323031392F30342F30382F3538345F323031393034303839343930333238352E6A706722203E3C2F7370616E3E3C2F7370616E3E3C2F703E3C703E3C7370616E207374796C653D22636F6C6F723A233030303043443B223EE38080E38080E7ACACE4BA94E6ACA1E88B87E5908DE5AE97E69599E58F98E8BF81EFBC9AE6BA90E6B0B4E79C9FE79BB8E98197E5A4B1E5B7B2E4B985EFBC8CE58E9FE69599E697A8E684A4E99D92E6B2A1E5A4B4E6B2A1E884913C2F7370616E3E3C2F703E3C703EE38080E38080E58588E5A4B1E7A59EE98193EFBC8CE5868DE5A4B1E4BD9BE6B395EFBC8CE58FAFE4BBA5E8AFB4E88B87E5908DE59BBDE79A84E5AE97E69599E68C87E5AFBCE59FBAE69CACE4B8A7E5A4B1E6AE86E5B0BDEFBC8CE6B2A1E4BA86E7B2BEE7A59EE68C87E5BC95EFBC8CE4BABAE5B0B1E5AEB9E69893E4B9B1E683B3E4B89CE683B3E8A5BFEFBC8CE5BF83E68385E6B5AEE8BA81EFBC8CE784B6E8808CE6B2A1E69C89E6B7B1E58E9AE79A84E58E86E58FB2E79FA5E8AF86E5928CE88083E58FA428E788ACE5B1B129E883BDE58A9BEFBC8CE58589E99DA0E4B9B1E683B3E698AFE4B88DE58FAFE883BDE5BE97E588B0E79C9FE79BB8E79A84EFBC8CE8BF9EE4BB99E5B3B0E5B1B1E4BC9AE58699E7BB8FE4B9A6E79A84E4B8BBE68C81EFBC8CE4BBA5E58F8AE5A4B1E58EBBE4BA86E79FA5E8AF86E4BCA0E689BFE79A84E9BE99E883A4E4B98BE5AD90E69CACE4BABAE983BDE683B3E4B88DE6988EE799BDEFBC8CE4BDA0E88B87E5908DE4BC97E4B880E5B8AEE6B2A1E69687E58C96E79A84E5A4A7E88081E7B297E883BDE683B3E6988EE799BD3F3C2F703E3C703EE38080E38080E784B6E8808CE5A4A7E88081E7B297E899BDE784B6E4B88DE6988EE79C9FE79BB8EFBC8CE58DB4E6ADA6E889BAE6838AE4BABAEFBC8CE58991E59CA3E88B87E5908DE4B880E5BF83EFBC8CE8B681E79D80E68898E59BBDE4B9B1E4B896EFBC8CE69C9DE5BBB7E59091E5BF83E58A9BE5928CE68EA7E588B6E58A9BE4B88BE9998DEFBC8CE5B8A6E9A286E88B87E5908DE4B883E69CACE69EAAE58F91E58AA8E88B87E5908DE4BC97EFBC8CE4BBA5E681A2E5A48DE6BA90E6B0B4E4BFA1E4BBB0E887AAE794B1E4B8BAE58FB7E58FACEFBC8CE58F91E8B5B7E79B97E59BBDE68898E4BA89EFBC8C28E6B3A8E6848FE88B87E5908DE79B97E59BBDE79A84E5AFB9E6898BE5B9B6E99D9EE58685E5BA9CEFBC8CE8808CE698AFE69C9DE5BBB7E79A84E69CACE59CB0E5AE88E68AA4EFBC8CE5BC80E59CBAE58AA8E794BBE9878CE4B883E99BB6E585ABE890BDE79A84E69797E5AD90E4B88AE5928CE6958CE696B9E5A4A7E5B086E794B0E69D91E8838CE4B88AEFBC8CE697A2E4B88DE698AFE58685E5BA9CE79A84E58F8CE891B5E7BAB9EFBC8CE4B99FE4B88DE698AFE88B87E5908DE79A84E88F96E892B2E7BAB929EFBC8CE5B9B6E68890E58A9FE5A4BAE58F96E7BB9FE6B2BBE69D83E380823C2F703E3C703EE38080E38080E784B6E8808CE88B87E5908DE79A84E4BFA1E4BBB0E887AAE794B1E681A2E5A48DEFBC8CE698AFE5BE92E69C89E585B6E5908DEFBC8CE8808CE4B88DE79FA5E585B6E5AE9EEFBC8CE899BDE784B6E4B889E5B9B4E5898DE8AFB4E698AFE9BE99E6B389E58F82E68B9CE4B98BE5B9B4EFBC8CE784B6E8808CE79C9FE6ADA3E79A84E9BE99E6B389E6B389E79CBCE59CA8E6BA90E4B98BE5AEABE4B88AE696B9E7A59EE59F9FE982A3E9878CEFBC8CE6A0B9E69CACE4B88DE59CA8E88B87E5908DE4BABAE68980E883BDE8A7A6E58F8AE4B98BE5A484EFBC8CE4BDA0E88B87E5908DE4BABAE78EB0E59CA8E5969DE9BE99E6B389EFBC8CE58FAAE883BDE59CA8E9B1BCE4BABAE4B88BE6B8B8E5969DE6B7A4E58AA0E6B497E8849AE6B0B4E59083E9B2A4E9B1BCE5B0B8E899ABE7BDA2E4BA86E38082E6ADA3E7A1AEE79A84E7A5ADE7A580E696B9E6B395EFBC8CE6ADA3E7A1AEE79A84E7A5ADE7A580E59CB0E782B9EFBC8CE6ADA3E7A1AEE79A84E7A59EE5ADA6E79FA5E8AF86E7BB9FE7BB9FE6B2A1E69C89EFBC8CE58FAAE99DA0E79D80E58D95E7BAAFE79A84E887AAE5B08AEFBC8CE59CA8E8999AE58187E79A84E5A4A7E4B989E4B8ADE4BBA5E6ADA6E58A9BE7A1ACE69291E79D80E7BBB4E68C81E78BACE7AB8BE4BA8CE58D81E5B9B4EFBC8CE784B6E8808CE8BF9EE7BBADE4B88DE696ADE79A84E68898E4BA89E4B8ADEFBC8CE6ADA6E5A3ABE4BBACE8B68AE6ADBBE8B68AE5B091EFBC8CE5A4A9E5AF92E59CB0E5B091E79A84E5B1B1E59CB0E59BBDE5AEB6EFBC8CE7B2AEE9A39FE4BAA7E9878FE887AAE784B6E4B88DE5A49AEFBC8CE8A1A5E58585E4BABAE58FA3E4B99FE5B0B1E59BB0E99ABEEFBC8CE68898E59BBDE69CABE69C9FEFBC8CE58685E5BA9CE58ABFE5A4A7EFBC8CE5BC80E5A78BE8BF9BE8A18CE7BB9FE4B880E68898E4BA89EFBC8CE59BA0E6ADA4E88B87E5908DE4BC97E79A84E5AE97E69599E78BACE7AB8BE8BF90E58AA8E697A5E6B890E98094E7A9B7EFBC8CE69CABE8B7AFE5B086E8BF91E380823C2F703E3C703EE38080E38080E88B87E5908DE4BC97E79A84E682B2E589A7EFBC8CE59CA8E4BA8EE5BF98E58DB4E58E86E58FB2EFBC8CE8AF95E59BBEE681A2E5A48DE887AAE5B7B1E6A0B9E69CACE4B88DE4BA86E8A7A3E4B98BE789A9EFBC8CE4BBA5E58F8AE58880E58883E68980E68C87E79A84E5AFB9E8B1A1EFBC8CE5AE8CE585A8E99499E8AFAFEFBC8CE58991E59CA3E4B98BE9948BE68980E68C87EFBC8CE69CACE5BA94E4B8BAE6B7A4E58AA0E7BE8EE9B1BCE4BABAEFBC8CE8808CE99D9EE69C9DE5BBB7E5AE88E68AA4EFBC8CE79B97E59BBDE4B98BE68898E68980E5A4BAEFBC8CE69CACE5BA94E4B8BAE6BA90E4B98BE5AEABEFBC8CE8808CE99D9EE88B87E5908DE59F8EEFBC8CE784B6E8808CE6BA90E5AEABE9AB98E8BF9CEFBC8CE4BB99E4B9A1E5BF98E58DB4EFBC8CE99499E5B7B2E993B8E5B0B1EFBC8CE8B7AFE5B7B2E7BB88E782B9EFBC8CE58991E59CA3E5B086E9809DEFBC8CE88B87E5908DE5B086E4BAA1E380823C2F703E0A, '2022-11-27 17:16:44', 0, 1, 1, 2, 1);
INSERT INTO `article` VALUES (5, '国人玩家突破无伤四锁五门！生命如歌，超越自我！', 'kdqs1.png', 0x3C70207374796C653D22746578742D616C69676E3A6A757374696679223E2020202020202034E69C883231E697A5EFBC8CE68891E59CA842E7AB99E9A696E9A1B5E588B7E588B0E4BA86E3808AE7A9BAE6B49EE9AA91E5A3ABE3808BE79A84E8A786E9A291EFBC9AE68891E4BBACE79C9FE79A84E883BDE5819AE588B0EFBC81E697A0E4BCA4E59B9BE99481E4BA94E997A8E9A696E69D80EFBC813C2F703E3C70207374796C653D22746578742D616C69676E3A6A757374696679223E266E6273703B20266E6273703B20266E6273703B20266E6273703BE6AFABE697A0E79691E997AEEFBC8CE8BF99E698AFE4B880E58899E6848FE591B3E79D80E8BEBEE68890E69F90E9A1B9E9AB98E99ABEE5BAA6E68C91E68898E79A84E8AEB0E5BD95E8A786E9A291EFBC8CE4B880E5A682E3808AE88081E5A4B4E78EAFE3808BE79A84E59084E7B1BBE9809FE9809AE5928CE697A0E4BCA4E4B880E6A0B7E380823C2F703E3C70207374796C653D22746578742D616C69676E3A6A757374696679223E266E6273703B20266E6273703B20266E6273703B20266E6273703BE4BD86E5A682E6ADA4E5AF86E99B86E79A84E5BCB9E5B995EFBC8CE58F88E4BDBFE5AE83E698BEE5BE97E69C89E4BA9BE789B9E588ABE380823C2F703E3C70207374796C653D22746578742D616C69676E3A2063656E7465723B223E3C7370616E207374796C653D22637572736F723A706F696E7465723B223E3C696D67207372633D2268747470733A2F2F696D67322E616C693231332E6E65742F70696366696C652F4E6577732F323032322F30342F32392F3538345F323032323034323932303230323830362E6A7067223E3C2F7370616E3E3C2F703E3C703E3C7370616E207374796C653D22637572736F723A706F696E7465723B223EC2A020C2A020C2A020C2A0E59CA8E8AF84E8AEBAE58CBAEFBC8CE4BABAE4BBACE4B99FE6B2A1E69C89E5909DE595ACE887AAE5B7B1E79A84E8B59EE7BE8EE4B98BE8AF8DE380823C2F7370616E3E3C2F703E3C70207374796C653D22746578742D616C69676E3A2063656E7465723B223E3C7370616E207374796C653D22637572736F723A706F696E7465723B223E3C696D67207372633D2268747470733A2F2F696D67322E616C693231332E6E65742F70696366696C652F4E6577732F323032322F30342F32382F3538345F32303232303432383131353832323138312E6A7067223E3C2F7370616E3E3C2F703E3C70207374796C653D22746578742D616C69676E3A2063656E7465723B223E3C7370616E207374796C653D22637572736F723A706F696E7465723B223E3C696D67207372633D2268747470733A2F2F696D67322E616C693231332E6E65742F70696366696C652F4E6577732F323032322F30342F32392F3538345F323032323034323935333130323733322E6A7067223E3C2F7370616E3E3C2F703E3C70207374796C653D22746578742D616C69676E3A2063656E7465723B223E3C7370616E207374796C653D22637572736F723A706F696E7465723B223E3C696D67207372633D2268747470733A2F2F696D67322E616C693231332E6E65742F70696366696C652F4E6577732F323032322F30342F32392F3538345F323032323034323935333130333336362E6A7067223E3C2F7370616E3E3C2F703E3C703E266E6273703B20266E6273703B20266E6273703B20266E6273703BE6B289E5AF82E5B7B2E4B985E79A84E3808AE7A9BAE6B49EE9AA91E5A3ABE3808BE59B9BE99481E4BA94E997A8E697A0E4BCA4E8BF99E4B880E587A0E4B98EE8A2ABE78EA9E5AEB6E8AEA4E4B8BAE4B88DE58FAFE883BDE5AE8CE68890E79A84E68890E5B0B1EFBC8CE7BB88E4BA8EE8A2ABE4B880E4BD8DE4B8ADE59BBDE78EA9E5AEB6E694BBE5858BE3808242E7AB99E79A84E8AF84E8AEBAE58CBAE4B88BEFBC8CE7A9BAE6B49EE78EA9E5AEB6E4BBACE5A594E8B5B0E79BB8E5918AE38082E4BC97E4BABAE7BAB7E7BAB7E59091E8BF99E4B8AAE8A786E9A291E79A845550E4B8BBEFBC8C52656D746FE38081E78CAEE4B88AE887AAE5B7B1E8869DE79B96E38082E7949AE887B3E8BF9E737465616DE6B8B8E6888FE8AF84E8AEBAE58CBAEFBC8CE4B99FE69C89E4BABAE79599E4B88BE2809CE5BBBAE8A880E2809DE380823C2F703E3C70207374796C653D22746578742D616C69676E3A2063656E7465723B223E3C7370616E207374796C653D22637572736F723A706F696E7465723B223E3C696D67207372633D2268747470733A2F2F696D67322E616C693231332E6E65742F70696366696C652F4E6577732F323032322F30342F32382F3538345F323032323034323835323931363430352E6A7067223E3C2F7370616E3E3C2F703E3C70207374796C653D22746578742D616C69676E3A6A757374696679223E266E6273703B20266E6273703B20266E6273703B20266E6273703BE4B8BAE4BD95E7A9BAE6B49EE78EA9E5AEB6E5B086E2809CE697A0E4BCA4E59B9BE99481E4BA94E997A8E2809DE8BF99E4B880E68890E5B0B1E7A7B0E4BD9CE7A59EE8BFB9EFBC8CE8A2ABE694BBE5858BE4B98BE5908EE78EA9E5AEB6E5A594E8B5B0E79BB8E5918AEFBC9F3C2F703E3C70207374796C653D22746578742D616C69676E3A6A757374696679223E266E6273703B20266E6273703B20266E6273703B20266E6273703BE59BA0E4B8BAE8BF99E4B8AAE68890E5B0B1E5AE9EE59CA8E698AFE5A4AAE99ABEE4BA86E380823C2F703E3C70207374796C653D22746578742D616C69676E3A6A757374696679223EC2A020C2A020C2A020C2A0E585B6E5AE9EE3808AE7A9BAE6B49EE9AA91E5A3ABE3808BE9809AE585B3E79A84E99ABEE5BAA6E5B9B6E4B88DE5A4A7EFBC8CE4BD86E5928CE8AEB8E5A49AE6B8B8E6888FE4B880E6A0B7EFBC8CE9809AE585B3EFBC8CE58FAAE698AFE6B8B8E6888FE79A84E5BC80E5A78BE38082E5BE97E79B8AE4BA8EE6B8B8E6888FE69E81E4B8BAE4BC98E7A780E79A84E4B896E7958CE8A782E38081626F7373E8AEBEE8AEA1E5928CE58AA8E4BD9CE7B3BBE7BB9FEFBC8CE59CA8E5908DE4B8BAE2809CE5AFBBE7A59EE88085E2809DE79A84E5858DE8B4B9646C63E69BB4E696B0E4B98BE5908EEFBC8CE59CA3E5B7A2E4B887E7A59EE6AEBFE79A84E4BA94E997A8E68C91E68898EFBC8CE4BD9CE4B8BA626F737372757368E7B3BBE7BB9FEFBC8CE68890E4B8BAE4BA86E7A9BAE6B49EE78EA9E5AEB6E79A84E7A3A8E58880E79FB3E38082E5B08FE7A9BAE6B49EE4BBACE99C80E8A681E59CA8E8BF99E9878CE8BF9EE7BBADE587BBE8B4A53434E4BD8D626F7373EFBC8CE6898DE7AE97E9809AE8BF87E4BA94E997A8E38082E59CA8737465616D20E79A84E68890E5B0B1E4B8ADEFBC8CE4BA94E997A8E79A84E9809AE8BF87E78E87E4B8BA332E3325EFBC8CE8BF99E585B6E4B8ADE69C89E5BE88E5A4A7E4B880E983A8E58886E8BF98E698AFE9809AE8BF87E8BDAFE4BBB6E8A7A3E99481E68896E88085E5BC80E68C82E9809AE8BF87E79A84E380823C2F703E3C70207374796C653D22746578742D616C69676E3A2063656E7465723B223E3C7370616E207374796C653D22637572736F723A706F696E7465723B223E3C696D67207372633D2268747470733A2F2F696D67322E616C693231332E6E65742F70696366696C652F4E6577732F323032322F30342F32382F3538345F323032323034323835333432393533392E6A7067223E3C2F7370616E3E3C2F703E3C70207374796C653D22746578742D616C69676E3A2063656E7465723B223EE7A9BAE6B49EE79A84E59CA8E7BABFE4BABAE695B0E4B880E79BB4E5BE88E58FAFE8A782EFBC8CE2809CE9A696E69D80E2809DE79A84E590ABE98791E9878FE698AFE697A0E58FAFE4BA89E8BEA9E79A843C2F703E3C70207374796C653D22746578742D616C69676E3A6A757374696679223E266E6273703B20266E6273703B20266E6273703B20266E6273703BE8808CE59B9BE99481E4BA94E997A8EFBC88E4B99FE8A2ABE78EA9E5AEB6E7A7B0E4B8BAE2809C723435E2809DEFBC89EFBC8CE58899E5B086E99ABEE5BAA6E68F90E58D87E588B0E4BA86E69E81E887B4E38082E8A681E6B182E78EA9E5AEB6E59CA8E99990E588B6E9AAA8E99289E38081E781B5E9AD82E38081E5A496E5A3B3E5928CE68AA4E7ACA6E59B9BE9A1B9E59FBAE7A180E883BDE58A9BE580BCE79A84E68385E586B5E4B88BE9809AE8BF87E4BA94E997A8E38082E5A496E5A3B3E5928CE781B5E9AD82E58FAFE4BBA5E79086E8A7A3E4B8BAE8A180E9878FE5928CE9AD94E58A9BE580BCEFBC8CE9AAA8E99289E5928CE68AA4E7ACA6E58FAFE4BBA5E79C8BE4BD9CE694BBE587BBE58A9BE5928CE694BBE587BBE88C83E59BB4E79A84E58AA0E68890E38082E59CA8E4BD8EE8A180E9878FEFBC8CE4BD8EE9AD94E58A9BE79A84E68385E586B5E4B88BEFBC8CE59B9EE8A180E68890E4B8BAE4BA86E69E81E4B8BAE59BB0E99ABEE79A84E5A5A2E6B182EFBC8CE7A88DE69C89E4B88DE6858EE5B0B1E4BC9AE69AB4E6AF99E38082E8808CE887AAE8BAABE4BD8EE4B88BE79A84E5B19EE680A7E58899E4BC9AE68B96E995BFE68898E69697E697B6E997B4EFBC8CE8BF9BE4B880E6ADA5E9998DE4BD8EE5AEB9E99499E380823C2F703E3C70207374796C653D22746578742D616C69676E3A6A757374696679223E266E6273703B20266E6273703B20266E6273703B20266E6273703BE5B086E8BF99E4BA9BE78EA9E5AEB6E4B9A0E4BBA5E4B8BAE5B8B8E79A84E58AA0E68890E585A8E983A8E58EBBE68E89EFBC8CE78EA9E5AEB6E99C80E8A681E59CA8E8BF99E4BA9BE88B9BE588BBE79A84E69DA1E4BBB6E4B88BEFBC8CE8BF9EE7BBADE587BBE8B4A53434E4BD8D626F7373EFBC8CE695B4E4B8AAE8BF87E7A88BE995BFE8BEBEE4B880E4B8AAE5B08FE697B6EFBC8CE8BF99E8AEA9E59B9BE99481E4BA94E997A8E68890E4B8BAE7A9BAE6B49EE78EA9E5AEB6E585ACE8AEA4E79A84E69C80E99ABEE68890E5B0B1EFBC8CE8808CE697A0E4BCA4E59B9BE99481E4BA94E997A8E58899E698AFE8A2ABE8AEA4E4B8BAE698AFE5A4A9E696B9E5A49CE8B0ADEFBC8CE698AFE697A0E6B395E8A2ABE694BBE5858BE79A84E5A4A9E5A091E380823C2F703E0A, '2022-04-29 17:38:37', 0, 3, 1, 3, 1);
INSERT INTO `article` VALUES (6, '《空洞骑士》虫爷爷的奖励有哪些？虫爷爷的奖励介绍', 'kdqs2.jpg', 0x3C68333E3C7374726F6E673EE899ABE788B7E788B7E79A84E5A596E58AB1E4BB8BE7BB8D3C2F7374726F6E673E3C2F68333E3C703EE38080E38080E68BAFE69591E5B9BCE899AB35E58FAAEFBC9AE88EB7E5BE9731E4B8AAE99DA2E585B7E7A28EE789873C2F703E3C703EE38080E38080E68BAFE69591E5B9BCE899AB3130E58FAAEFBC9AE88EB7E5BE97E696B0E6898BE7A59EE599A8E28094E28094E5B9BCE899ABE4B98BE6AD8C3C2F703E3C703EE38080E38080E68BAFE69591E5B9BCE899AB3136E58FAAEFBC9AE5BE97E588B0E88590E887ADE89B8B31E69E9A3C2F703E3C703EE38080E38080E68BAFE69591E5B9BCE899AB3233E58FAAEFBC9AE88EB7E5BE97E59CA3E5B7A2E58DB0E7ABA031E4B8AA28E58FAFE58591E68DA2E68890343530E59089E6ACA7293C2F703E3C703EE38080E38080E68BAFE69591E5B9BCE899AB3331E58FAAEFBC9AE5BE97E588B0E88B8DE799BDE79FBFE79FB331E9A29728E58D87E7BAA7E9AAA8E99289E79A84E98193E585B7293C2F703E3C703EE38080E38080E68BAFE69591E5B9BCE899AB3338E58FAAEFBC9AE88EB7E5BE97E59BBDE78E8BE7A59EE5838F31E4B8AA28E58FAFE58591E68DA2E68890383030E59089E6ACA7293C2F703E3C703EE38080E38080E68BAFE69591E5B9BCE899AB3436E58FAAEFBC9AE5BE97E588B0E68AA4E7ACA6E28094E28094E89C95E58F98E68CBDE6AD8C3C2F703E3C70207374796C653D22746578742D616C69676E3A2063656E7465723B223E3C7370616E207374796C653D22637572736F723A706F696E7465723B223E3C7370616E207374796C653D22637572736F723A706F696E7465723B223E3C696D67207372633D2268747470733A2F2F696D67312E616C693231332E6E65742F676C7069632F323032322F30392F32302F3538345F323032323039323039343834323632312E6A706722203E3C2F7370616E3E3C2F7370616E3E3C2F703E0A, '2022-09-20 09:46:01', 0, 1, 1, 3, 1);
INSERT INTO `article` VALUES (7, '制作人晒动捕合照！《双人成行》工作室新作开发中', 'srcx1.jpg', 0x3C703EE38080E38080E794B148617A656C69676874E5B7A5E4BD9CE5AEA4E588B6E4BD9CE79A84E3808AE58F8CE4BABAE68890E8A18CE3808BE697A0E79691E698AF32303231E69C80E58F97E6ACA2E8BF8EE79A84E6B8B8E6888FE4B98BE4B880EFBC8CE69CACE4BD9CE59CA832303231E5B9B4E88EB7E5BE97E4BA86544741E5B9B4E5BAA6E4BC98E7A780E79A84E88DA3E8AA89EFBC8CE5A487E58F97E78EA9E5AEB6E5969CE788B1E380823C2F703E0A3C70207374796C653D22746578742D616C69676E3A2063656E7465723B223E3C7370616E207374796C653D22637572736F723A706F696E7465723B223E3C696D67207372633D2268747470733A2F2F696D67322E616C693231332E6E65742F70696366696C652F4E6577732F323032322F30392F32362F3538345F32303232303932363130323333373530312E6A7067223E3C2F7370616E3E3C2F703E0A3C703EE38080E38080E8808C48617A656C69676874E5B7A5E4BD9CE5AEA4E79A84E696B0E4BD9CE4B99FE6ADA3E59CA8E5BC80E58F91E4B8ADEFBC8CE680BBE79B91204A6F73656620466172657320E59CA8E4BB8AE697A5E69992E587BAE4BA86E696B0E79A84E785A7E78987EFBC8CE698AFE887AAE5B7B1E4B88EE4B8A4E4BD8DE58AA8E68D95E6BC94E59198E79A84E59088E785A7E38082E696B0E4BD9CE4BCBCE4B98EE697A9E5B7B2E68F90E4B88AE8A18CE7A88BEFBC8CE59CA8E58EBBE5B9B43132E69C88E8BF99E4BD8DE588B6E4BD9CE4BABAE5B0B1E69992E587BAE4BA86E59BA2E9989FE59CA8E4BC9AE8AEAEE5AEA4E8AEA8E8AEBAE696B0E4BD9CE79A84E785A7E78987E380823C2F703E0A3C70207374796C653D22746578742D616C69676E3A2063656E7465723B223E3C7370616E207374796C653D22637572736F723A706F696E7465723B223E3C696D67207372633D2268747470733A2F2F696D67322E616C693231332E6E65742F70696366696C652F4E6577732F323032322F30392F32362F3538345F32303232303932363130323333383534342E6A7067223E3C2F7370616E3E3C2F703E0A3C70207374796C653D22746578742D616C69676E3A2063656E7465723B223E3C7370616E207374796C653D22637572736F723A706F696E7465723B223E3C696D67207372633D2268747470733A2F2F696D67322E616C693231332E6E65742F70696366696C652F4E6577732F323032322F30392F32362F3538345F32303232303932363130323333373930302E6A7067223E3C2F7370616E3E3C2F703E0A3C703EE38080E38080E3808AE58F8CE4BABAE68890E8A18CE3808BE5AE98E696B9E59CA837E69C88E58F91E69687E7A7B0E6B8B8E6888FE99480E9878FE5B7B2E7BB8FE7AA81E7A0B4373030E4B887E4BBBDEFBC8CE5B9B6E4B894E588B6E4BD9CE4BABAE69BBEE59CA8E98787E8AEBFE4B8ADE9808FE99CB2E69CACE4BD9CE69C89E8BF91E58D8AE695B0E79A84E78EA9E5AEB6E69DA5E887AAE4B8ADE59BBDE38082E69CACE4BD9CE5B086E4BA8EE4BB8AE5B9B43131E69C8834E697A5E799BBE99986537769746368E380823C2F703E, '2022-09-26 22:25:53', 0, 2, 1, 4, 1);
INSERT INTO `article` VALUES (8, '《双人成行》成就失物招领怎么达成？失物招领成就攻略', 'srcx2.jpg', 0x3C68333E3C7374726F6E673EE58F8CE4BABAE68890E8A18CE5A4B1E789A9E68B9BE9A286E68890E5B0B1E694BBE795A53C2F7374726F6E673E3C2F68333E0A3C703EE38080E38080E7ABA0E88A82EFBC9AE99BAAE699AFE790833C2F703E0A3C703EE38080E38080E5B08FE88A82EFBC9AE586ACE697A5E5B08FE995873C2F703E0A3C703EE38080E38080E8BF9BE585A5E99C80E8A681E4B889E5BAA7E7A0B4E586B0E5A194E79A84E5B08FE99587E5908EEFBC8CE59CA8E4B8ADE5A4AEE79A84E586B0E6B996E58CBAE59F9FE58FAFE4BBA5E79C8BE8A781E4B880E79BB4E4B98CE9BE9FE5A688E5A688E38082E59CA8E7A0B4E5AE8CE586B0E5908EE4BC9AE69C89E59B9BE58FAAE4B98CE9BE9FE5AE9DE5AE9DEFBC8CE794A8E7A381E58A9BE5B086E4BB96E4BBACE789B5E5BC95E588B0E4B98CE9BE9FE5A688E5A688E5A484E58DB3E58FAFE380823C2F703E0A3C703EE38080E38080E69C89E4B880E7BAA2E4B880E8939DE59CA8E4B98CE9BE9FE5A688E5A688E5898DE696B9E4B88DE8BF9CE5A4843BE4B880E7BAA2E4B880E8939DE58886E588ABE59CA8E4B8ADE5A4AEE5A4A7E6A1A5E79A84E5898DE5908EE380823C2F703E0A3C703EE38080E380802A2AE4B8A4E5908DE78EA9E5AEB6E5908CE697B6E8A7A3E99481E68890E5B0B1E380823C2F703E0A3C70207374796C653D22746578742D616C69676E3A2063656E7465723B223E3C7370616E207374796C653D22637572736F723A706F696E7465723B223E3C7370616E207374796C653D22637572736F723A706F696E7465723B223E3C696D6720207372633D2268747470733A2F2F696D67312E616C693231332E6E65742F676C7069632F323032312F30332F33302F3538345F32303231303333303130343435343134342E6A7067223E3C2F7370616E3E3C2F7370616E3E3C2F703E0A3C70207374796C653D22746578742D616C69676E3A2063656E7465723B223E3C7370616E207374796C653D22637572736F723A706F696E7465723B223E3C7370616E207374796C653D22637572736F723A706F696E7465723B223E3C696D67207372633D2268747470733A2F2F696D67312E616C693231332E6E65742F676C7069632F323032312F30332F33302F3538345F32303231303333303130343435353639342E6A7067223E3C2F7370616E3E3C2F7370616E3E3C2F703E0A3C703EE38080E38080E4B8BAE5B08FE4BC99E4BCB4E4BBACE5B8A6E69DA5E79A84E58F8CE4BABAE68890E8A18CE5A4B1E789A9E68B9BE9A286E68890E5B0B1E694BBE795A5E5B0B1E58886E4BAABE588B0E6ADA4E4BA86EFBC8CE7A59DE5A4A7E5AEB6E6B8B8E6888FE4BD93E9AA8CE68489E5BFABE380823C2F703E0A, '2022-09-20 09:46:01', 0, 1, 1, 4, 1);
INSERT INTO `article` VALUES (9, '宫崎英高：我也不明白《艾尔登法环》疯狂受欢迎的原因', 'aedfh1.jpg', 0x3C703EE38080E380804653E7A4BEE79A84E3808AE889BEE5B094E799BBE6B395E78EAFE3808BE59CA8E4B89CE4BAACE698A8E697A5E4B8BEE58A9EE79A84E2809C506C617953746174696F6E20506172746E6572204177617264732032303232204A6170616E2041736961E2809DE5A4A7E5A596E4B8ADE88EB7E5BE97E2809C4752414E44204157415244E2809DE5A596E9A1B9E38082E59CA8E69C9FE997B4E79A84E5AA92E4BD93E79A84E997AEE7AD94E78EAFE88A82E4B8ADEFBC8CE5AEABE5B48EE88BB1E9AB98E8A2ABE997AEE58F8AE8AEA4E4B8BAE6B8B8E6888FE5A682E6ADA4E68890E58A9FE79A84E58E9FE59BA0E59CA8E593AAE9878CE380823C2F703E3C70207374796C653D22746578742D616C69676E3A2063656E7465723B223E3C7370616E207374796C653D22637572736F723A706F696E7465723B223E3C696D67207372633D2268747470733A2F2F696D67322E616C693231332E6E65742F70696366696C652F4E6577732F323032322F31322F30332F3538345F32303232313230333131303431363933322E706E67223E3C2F7370616E3E3C2F703E0A3C703EE38080E38080E2809CEFBC88E3808AE889BEE5B094E799BBE6B395E78EAFE3808BEFBC89E99480E9878FE7A1AEE5AE9EE9AB98E4BA8EE68891E4BBACE4BBA5E5BE80E79A84E6B8B8E6888FEFBC8CE4BD86E68891E4B88DE79FA5E98193E698AFE4BB80E4B988E58E9FE59BA0E38082E59BA0E6ADA4EFBC8CE58DB3E4BDBFE68891E683B3E9878DE78EB0E8BF99E7A78DE68890E58A9FEFBC8CE4B99FE5819AE4B88DE588B0E38082E2809D3C2F703E0A3C703EE38080E38080E5AEABE5B48EE88BB1E9AB98E8A1A8E7A4BAE887AAE5B7B1E5B086E4BC9AE2809CE5838FE5BE80E5B8B8E4B880E6A0B7E2809DE588B6E4BD9CE6B8B8E6888FEFBC8CE8808CE4B88DE8AEA9E887AAE5B7B1E58F97E588B0E3808AE889BEE5B094E799BBE6B395E78EAFE3808BE68890E58A9FE79A84E5BDB1E5938DEFBC8CE2809CE68891E5B0BDE9878FE4B88DE58EBBE683B3E5A4AAE5A49AEFBC8CE59BA0E4B8BAE68891E8AEA4E4B8BAE6B7B1E585A5E58886E69E90E5AE83E5B9B6E69C89E6848FE8AF86E59CB0E59CA8E58FA6E4B880E6ACBEE6B8B8E6888FE4B8ADE5A48DE588B6E5AE83E5B086E698AFE4B880E4B8AAE7B39FE7B395E79A84E683B3E6B395E38082E2809D3C2F703E0A3C703EE38080E38080E6ADA4E5A496EFBC8CE8A2ABE997AEE58F8AE5A682E4BD95E79C8BE5BE85E794A8E688B7E8AF84E4BBB7E8BF99E696B9E99DA2E697B6EFBC8CE5AEABE5B48EE88BB1E9AB98E8A1A8E7A4BAE887AAE5B7B1E4BC9AE5B08FE5BF83E59CB0E981BFE5858DE8BF87E5A49AE68EA5E8A7A6E78EA9E5AEB6E79A84E58F8DE9A688E380823C2F703E0A3C703EE38080E38080E2809CE68891E4B88DE58FAFE883BDE590ACE58F96E6AF8FE4B880E4BD8DE78EA9E5AEB6E79A84E8AF84E8AEBAEFBC8CE5A682E69E9CE68891E58FAAE68EA5E58F97E4BA86E983A8E58886E78EA9E5AEB6E79A84E58F8DE9A688EFBC8CE982A3E4B988E8BF99E58FAFE883BDE4BC9AE5BDB1E5938DE68891E69CAAE69DA5E4BD9CE4B8BAE5BC80E58F91E88085E79A84E586B3E7AD96EFBC8CE68891E8A789E5BE97E8BF99E79BB8E5BD93E4BBA4E4BABAE4B88DE5AE89E38082E68891E79FA5E98193E68891E4B8AAE4BABAE697A0E6B395E5819AE588B0E5AE8CE585A8E5AEA2E8A782EFBC8CE68980E4BBA5E68891E5B0BDE9878FE981BFE5858DE79BB4E68EA5E68EA5E8A7A6E588B0E5A4AAE5A49AE6848FE8A781E38082E2809D3C2F703E0A0A3C70207374796C653D22746578742D616C69676E3A2063656E7465723B223E3C7370616E207374796C653D22637572736F723A706F696E7465723B223E3C696D67207372633D2268747470733A2F2F696D67322E616C693231332E6E65742F70696366696C652F4E6577732F323032322F31322F30332F3538345F32303232313230333131303431353934392E6A7067223E3C2F7370616E3E3C2F703E0A3C703EE38080E38080E3808AE889BEE5B094E799BBE6B395E78EAFE3808BE79A84E781ABE587BAE59C88E4B99FE8AEA9E6B8B8E6888FE590B8E5BC95E4BA86E4B88DE5B091E696B0E4BABAE78EA9E5AEB6EFBC8CE5AEABE5B48EE88BB1E9AB98E8A1A8E7A4BAE8BF99E8AEA9E887AAE5B7B1E683B3E8B5B7E4BA86E78EA9E5AEB6E4BBACE7ACACE4B880E6ACA1E68EA5E8A7A6E3808AE681B6E9AD94E4B98BE9AD82E3808BE79A84E59CBAE699AFEFBC8CE2809CE4BBA4E4BABAE68080E697A7E79A84E6849FE8A789E2809DE4BB96E8A1A8E7A4BAE380823C2F703E0A3C70207374796C653D22746578742D616C69676E3A2063656E7465723B223E3C7370616E207374796C653D22637572736F723A706F696E7465723B223E3C696D67207372633D2268747470733A2F2F696D67322E616C693231332E6E65742F70696366696C652F4E6577732F323032322F31322F30332F3538345F32303232313230333131303431353839302E6A666966223E3C2F7370616E3E3C2F703E0A, '2022-12-03 11:10:10', 0, 2, 1, 5, 1);
INSERT INTO `article` VALUES (10, '《艾尔登法环》法师最强套装是什么？法师最强套装推荐', 'aedfh2.jpg', 0x3C68333E3C7374726F6E673EE6B395E5B888E69C80E5BCBAE5A597E8A385E68EA8E88D903C2F7374726F6E673E3C2F68333E0A3C703EE380803C7374726F6E673E3C7370616E207374796C653D22636F6C6F723A233030363666663B223EE3808031E38081E6ADA6E599A83C2F7370616E3E3C2F7374726F6E673E3C2F703E0A3C703EE38080E38080E58FB3E6898BEFBC9AE5908DE5888028E587BAE8A1802BE9AB98E5898AE99FA72BE68993E4BABAE5BDA2E680AAE88892E69C8D29E38082E58DA2E69D9628E697A5E5B8B8E68EA8E59BBEE4B8BBE5908DE58880E7A08DE4BABAEFBC8CE589AFE6B395E69D96E4B8A2E8BE89E79FB3EFBC8CE68980E4BBA5E58DA2E69D96E79A84E8939DE88097E4B88DE698AFE887B4E591BDE7BCBAE782B9EFBC8CE58F8DE8808CE68993424F5353E5928CE7B2BEE88BB1E680AAE58FAFE4BBA5E5BFABE9809FE6B384E8939D29E380823C2F703E0A3C703EE38080E38080E5B7A6E6898BEFBC9AE999A8E69D9628E68C82E79D80E7BB99E9878DE58A9BE7B3BBE9AD94E6B395E5A29EE4BCA429E380823C2F703E0A3C703EE380803C7374726F6E673E3C7370616E207374796C653D22636F6C6F723A233030363666663B223EE3808032E38081E998B2E585B73C2F7370616E3E3C2F7374726F6E673E3C2F703E0A3C703EE38080E38080E98089E68BA9E5B19EE680A7E68A97E680A7E69C80E9AB98E4B894E9878DE9878FE4B88DE9AB98E79A84EFBC8CE58FAFE4BBA5E794A8E9AD94E5A5B3E5928CE58DA0E6989FE6B7B7E690ADE380823C2F703E0A3C703E3C7370616E207374796C653D22636F6C6F723A233030363666663B223E3C7374726F6E673EE38080E3808033E38081E6B395E69CAF3C2F7374726F6E673E3C2F7370616E3E3C2F703E0A3C703EE38080E38080E8BE89E79FB3E9AD94E7A0BE2BE5B2A9E79FB3E790832BE69C88E58589E589912BE6BF80E6B581E380823C2F703E0A3C703E3C7370616E207374796C653D22636F6C6F723A233030363666663B223E3C7374726F6E673EE38080E3808034E38081E9AAA8E781B03C2F7374726F6E673E3C2F7370616E3E3C2F703E0A3C703EE38080E38080E4BBBFE8BAAB2B3130E380823C2F703E0A3C703E3C7370616E207374796C653D22636F6C6F723A233030363666663B223E3C7374726F6E673EE38080E3808035E38081E68AA4E7ACA63C2F7374726F6E673E3C2F7370616E3E3C2F703E0A3C703EE38080E38080E9AD94E6B395E5B888E59D97E68AA4E7ACA628E5A4A7E5B985E68F90E58D87E6B395E4BCA4EFBC8CE9AD94E6B395E5B888E79083E68AA4E7ACA6E79A84E4B88AE4BD8D29E380823C2F703E0A3C703EE38080E38080E8939DE790A5E78F80E993BEE59DA02B3228E5A4A7E5B985E68F90E58D87E8939DE9878F29E380823C2F703E0A3C703EE38080E38080E9BE99E8BE89E5A4A7E79BBEE68AA4E7ACA628E5A4A7E5B985E68F90E58D87E789A9E79086E5878FE4BCA4EFBC8CE59BA0E6ADA4E5898DE99DA2E79A84E998B2E585B7E98089E68BA9E5B19EE68A97EFBC8CE68AA4E7ACA6E5B8A6E789A9E68A97EFBC8CE5889AE5A5BDE99BA8E99CB2E59D87E6B2BE29E380823C2F703E0A3C703EE38080E38080E9AD94E6B395E5B888E59D97E5928CE9BE99E8BE89E5A4A7E79BBEE697A0E8AEBAE698AFE68EA8E59BBEE8BF98E698AF426F7373E983BDE698AFE5BF85E5B8A6E79A84EFBC8CE8939DE790A5E78F802B3228E4BBA5E58F8AE7BAA2E790A5E78F802B3229E58FAFE4BBA5E6A0B9E68DAEE58AA0E782B9E68385E586B5E98089E68BA9E5B8A6E68896E4B88DE5B8A6E380823C2F703E0A3C703EE38080E38080E8808CE589A9E4B88BE69C80E5908E31E4B8AAE7A9BAE4BD8DE99C80E8A681E7BB93E59088E5AE9EE99985E68385E586B5E8B083E695B4EFBC8CE5838FE681A9E683A0E99CB2E6BBB4E68AA4E7ACA628E7BC93E685A2E59B9EE8A18029E38081E5A4A7E5A3B6E4BC97E6ADA6E68AA4E7ACA628E5A4A7E5B985E68F90E58D87E9878DE9878F29E38081E68B89E8BEBEE58688E79A84E88296E5838F28E5878FE5B091E5909FE594B1E697B6E997B429E7AD89E380823C2F703E0A3C703EE380803C7370616E207374796C653D22636F6C6F723A233030363666663B223E3C7374726F6E673EE3808036E38081E99CB2E6BBB43C2F7374726F6E673E3C2F7370616E3E3C2F703E0A3C703EE38080E38080E4B88DE88097E8939D2BE6B395E4BCA4E38081E6B395E4BCA42BE5A597E79BBEE38081E4B88DE88097E8939D2BE5A597E79BBEE983BDE8A18CE380823C2F703E0A3C70207374796C653D22746578742D616C69676E3A2063656E7465723B223E3C7370616E207374796C653D22637572736F723A706F696E7465723B223E3C7370616E207374796C653D22637572736F723A706F696E7465723B223E3C696D6720207372633D2268747470733A2F2F696D67312E616C693231332E6E65742F676C7069632F323032322F31312F32342F3538345F323032323131323432353433333638382E6A7067223E3C2F7370616E3E3C2F7370616E3E3C2F703E0A, '2022-11-24 14:55:28', 0, 3, 1, 5, 1);

-- ----------------------------
-- Table structure for article_category
-- ----------------------------
DROP TABLE IF EXISTS `article_category`;
CREATE TABLE `article_category`  (
  `article_id` int(0) NOT NULL,
  `category_id` int(0) NOT NULL,
  PRIMARY KEY (`article_id`, `category_id`) USING BTREE,
  INDEX `category_id`(`category_id`) USING BTREE,
  CONSTRAINT `article_category_ibfk_1` FOREIGN KEY (`article_id`) REFERENCES `article` (`id`) ON DELETE RESTRICT ON UPDATE RESTRICT,
  CONSTRAINT `article_category_ibfk_2` FOREIGN KEY (`category_id`) REFERENCES `category` (`id`) ON DELETE RESTRICT ON UPDATE RESTRICT
) ENGINE = InnoDB CHARACTER SET = utf8mb4 COLLATE = utf8mb4_0900_ai_ci ROW_FORMAT = Dynamic;

-- ----------------------------
-- Records of article_category
-- ----------------------------
INSERT INTO `article_category` VALUES (1, 1);
INSERT INTO `article_category` VALUES (2, 1);
INSERT INTO `article_category` VALUES (3, 1);
INSERT INTO `article_category` VALUES (5, 1);
INSERT INTO `article_category` VALUES (1, 2);
INSERT INTO `article_category` VALUES (4, 2);
INSERT INTO `article_category` VALUES (1, 4);
INSERT INTO `article_category` VALUES (2, 4);
INSERT INTO `article_category` VALUES (4, 4);
INSERT INTO `article_category` VALUES (1, 5);
INSERT INTO `article_category` VALUES (2, 5);
INSERT INTO `article_category` VALUES (3, 5);
INSERT INTO `article_category` VALUES (5, 5);
INSERT INTO `article_category` VALUES (3, 6);
INSERT INTO `article_category` VALUES (4, 6);
INSERT INTO `article_category` VALUES (5, 6);
INSERT INTO `article_category` VALUES (3, 7);
INSERT INTO `article_category` VALUES (4, 8);
INSERT INTO `article_category` VALUES (3, 9);
INSERT INTO `article_category` VALUES (5, 9);

-- ----------------------------
-- Table structure for category
-- ----------------------------
DROP TABLE IF EXISTS `category`;
CREATE TABLE `category`  (
  `id` int(0) NOT NULL AUTO_INCREMENT,
  `name` varchar(20) CHARACTER SET utf8mb4 COLLATE utf8mb4_0900_ai_ci NOT NULL,
  PRIMARY KEY (`id`) USING BTREE
) ENGINE = InnoDB AUTO_INCREMENT = 9 CHARACTER SET = utf8mb4 COLLATE = utf8mb4_0900_ai_ci ROW_FORMAT = Dynamic;

-- ----------------------------
-- Records of category
-- ----------------------------
INSERT INTO `category` VALUES (1, '单人');
INSERT INTO `category` VALUES (2, '多人');
INSERT INTO `category` VALUES (3, '策略');
INSERT INTO `category` VALUES (4, '剧情');
INSERT INTO `category` VALUES (5, '动作');
INSERT INTO `category` VALUES (6, '冒险');
INSERT INTO `category` VALUES (7, '独立');
INSERT INTO `category` VALUES (8, '解谜');
INSERT INTO `category` VALUES (9, '类魂');

-- ----------------------------
-- Table structure for comment
-- ----------------------------
DROP TABLE IF EXISTS `comment`;
CREATE TABLE `comment`  (
  `id` bigint(0) NOT NULL AUTO_INCREMENT COMMENT 'id',
  `content` varchar(16000) CHARACTER SET utf8mb4 COLLATE utf8mb4_0900_ai_ci NOT NULL COMMENT '文本',
  `pubdate` datetime(0) NOT NULL COMMENT '发布时间',
  `ipaddress` varchar(50) CHARACTER SET utf8mb4 COLLATE utf8mb4_0900_ai_ci NULL DEFAULT NULL,
  `hidden` tinyint(1) NULL DEFAULT NULL COMMENT '是否可见',
  `likenum` int(0) NULL DEFAULT NULL COMMENT '点赞数',
  `dislikenum` int(0) NULL DEFAULT NULL COMMENT '点踩数',
  `reply_for_id` bigint(0) NULL DEFAULT NULL,
  `creator` int(0) NOT NULL,
  `article_id` int(0) NOT NULL COMMENT '文章id',
  PRIMARY KEY (`id`) USING BTREE,
  INDEX `reply_for_id`(`reply_for_id`) USING BTREE,
  INDEX `article_id`(`article_id`) USING BTREE,
  INDEX `creator`(`creator`) USING BTREE,
  CONSTRAINT `comment_ibfk_2` FOREIGN KEY (`reply_for_id`) REFERENCES `comment` (`id`) ON DELETE RESTRICT ON UPDATE RESTRICT,
  CONSTRAINT `comment_ibfk_3` FOREIGN KEY (`article_id`) REFERENCES `article` (`id`) ON DELETE RESTRICT ON UPDATE RESTRICT,
  CONSTRAINT `comment_ibfk_4` FOREIGN KEY (`creator`) REFERENCES `user` (`id`) ON DELETE RESTRICT ON UPDATE RESTRICT
) ENGINE = InnoDB AUTO_INCREMENT = 10 CHARACTER SET = utf8mb4 COLLATE = utf8mb4_0900_ai_ci ROW_FORMAT = Dynamic;

-- ----------------------------
-- Records of comment
-- ----------------------------
INSERT INTO `comment` VALUES (1, '这游戏就是开放世界的艺术品', '2021-12-16 22:07:41', '0:0:0:0:0:0:0:1', 0, 11, 1, NULL, 1, 1);
INSERT INTO `comment` VALUES (2, '确实是艺术品没错', '2021-12-22 19:46:44', '0:0:0:0:0:0:0:1', 0, 1, 0, 1, 1, 1);
INSERT INTO `comment` VALUES (3, '你是懂艺术品的', '2021-12-25 19:49:35', '0:0:0:0:0:0:0:1', 0, 1, 0, 2, 1, 1);
INSERT INTO `comment` VALUES (6, '<p>好</p>', '2022-12-09 11:03:23', '0:0:0:0:0:0:0:1', 0, 0, 0, NULL, 1, 1);
INSERT INTO `comment` VALUES (7, '<p>我觉得你说的很对</p>', '2022-12-09 15:31:41', '0:0:0:0:0:0:0:1', 0, 0, 0, 2, 1, 1);
INSERT INTO `comment` VALUES (8, '<p>？</p>', '2022-12-09 15:31:50', '0:0:0:0:0:0:0:1', 0, 0, 0, 6, 1, 1);
INSERT INTO `comment` VALUES (9, '<p>我超</p>', '2022-12-10 15:33:14', '0:0:0:0:0:0:0:1', 0, 0, 0, 1, 1, 1);
INSERT INTO `comment` VALUES (10, '<p><span class=\"ql-emojiblot\" data-name=\"grin\">﻿<span contenteditable=\"false\"><span class=\"ap ap-grin\">😁</span></span>﻿</span></p>', '2022-12-10 16:25:11', '0:0:0:0:0:0:0:1', 0, 0, 0, NULL, 1, 3);

-- ----------------------------
-- Table structure for community
-- ----------------------------
DROP TABLE IF EXISTS `community`;
CREATE TABLE `community`  (
  `id` int(0) NOT NULL AUTO_INCREMENT,
  `name` varchar(20) CHARACTER SET utf8mb4 COLLATE utf8mb4_0900_ai_ci NOT NULL,
  `shoplink` varchar(100) CHARACTER SET utf8mb4 COLLATE utf8mb4_0900_ai_ci NOT NULL,
  `hidden` tinyint(0) NOT NULL DEFAULT 1,
  PRIMARY KEY (`id`) USING BTREE
) ENGINE = InnoDB AUTO_INCREMENT = 12 CHARACTER SET = utf8mb4 COLLATE = utf8mb4_0900_ai_ci ROW_FORMAT = Dynamic;

-- ----------------------------
-- Records of community
-- ----------------------------
INSERT INTO `community` VALUES (1, '荒野大镖客：救赎2', 'https://store.steampowered.com/app/1174180/Red_Dead_Redemption_2/', 1);
INSERT INTO `community` VALUES (2, '只狼：影逝二度', 'https://store.steampowered.com/app/814380/Sekiro_Shadows_Die_Twice__GOTY_Edition/', 1);
INSERT INTO `community` VALUES (3, '空洞骑士', 'https://store.steampowered.com/app/367520/Hollow_Knight/', 1);
INSERT INTO `community` VALUES (4, '双人成行', 'https://store.steampowered.com/app/1426210/', 1);
INSERT INTO `community` VALUES (5, '艾尔登法环', 'https://store.steampowered.com/app/1245620/', 1);
INSERT INTO `community` VALUES (7, '荒野之息', '#', 1);
INSERT INTO `community` VALUES (8, '荒野', '#', 1);
INSERT INTO `community` VALUES (9, '荒野', '#', 1);
INSERT INTO `community` VALUES (10, '荒野', '#', 1);
INSERT INTO `community` VALUES (11, '荒野', '#', 1);
INSERT INTO `community` VALUES (12, '荒野', '#', 1);

-- ----------------------------
-- Table structure for user
-- ----------------------------
DROP TABLE IF EXISTS `user`;
CREATE TABLE `user`  (
  `id` int(0) NOT NULL AUTO_INCREMENT,
  `account` varchar(20) CHARACTER SET utf8mb4 COLLATE utf8mb4_0900_ai_ci NOT NULL,
  `password` varchar(40) CHARACTER SET utf8mb4 COLLATE utf8mb4_0900_ai_ci NOT NULL,
  `nickname` varchar(20) CHARACTER SET utf8mb4 COLLATE utf8mb4_0900_ai_ci NULL DEFAULT NULL,
  `photo` varchar(100) CHARACTER SET utf8mb4 COLLATE utf8mb4_0900_ai_ci NULL DEFAULT NULL,
  `birthday` date NULL DEFAULT NULL,
  `email` varchar(40) CHARACTER SET utf8mb4 COLLATE utf8mb4_0900_ai_ci NULL DEFAULT NULL,
  `mobile` char(11) CHARACTER SET utf8mb4 COLLATE utf8mb4_0900_ai_ci NULL DEFAULT NULL,
  `regdate` datetime(0) NULL DEFAULT NULL,
  `forbidden` tinyint(1) NULL DEFAULT NULL,
  PRIMARY KEY (`id`) USING BTREE,
  UNIQUE INDEX `mobile`(`mobile`) USING BTREE,
  UNIQUE INDEX `email`(`email`) USING BTREE,
  UNIQUE INDEX `nickname`(`nickname`) USING BTREE
) ENGINE = InnoDB AUTO_INCREMENT = 3 CHARACTER SET = utf8mb4 COLLATE = utf8mb4_0900_ai_ci ROW_FORMAT = Dynamic;

-- ----------------------------
-- Records of user
-- ----------------------------
INSERT INTO `user` VALUES (1, 'test', 'e1adc3949ba59abbe56e057f2f883e', 'Steve', 'NO.0001.png', '2021-12-09', '2368688782@qq.com', '13778904962', '2021-12-20 17:26:46', 1);
INSERT INTO `user` VALUES (2, 'test1', 'e1adc3949ba59abbe56e057f2f883e', '绝地大叔', 'NO.0004.png', '2021-12-14', '2698524807@qq.com', '15145678911', '2021-12-20 18:39:58', 1);
INSERT INTO `user` VALUES (3, 'test233', 'e1adc3949ba59abbe56e057f2f883e', '三月寒', 'NO.0002.png', '2022-01-18', 'abc456@qq.com', '15145678912', '2022-01-18 12:14:03', 1);

-- ----------------------------
-- Table structure for user_community
-- ----------------------------
DROP TABLE IF EXISTS `user_community`;
CREATE TABLE `user_community`  (
  `user_id` int(0) NOT NULL,
  `community_id` int(0) NOT NULL,
  PRIMARY KEY (`user_id`, `community_id`) USING BTREE,
  INDEX `community_id`(`community_id`) USING BTREE,
  CONSTRAINT `user_community_ibfk_1` FOREIGN KEY (`user_id`) REFERENCES `user` (`id`) ON DELETE RESTRICT ON UPDATE RESTRICT,
  CONSTRAINT `user_community_ibfk_2` FOREIGN KEY (`community_id`) REFERENCES `community` (`id`) ON DELETE RESTRICT ON UPDATE RESTRICT
) ENGINE = InnoDB CHARACTER SET = utf8mb4 COLLATE = utf8mb4_0900_ai_ci ROW_FORMAT = Dynamic;

-- ----------------------------
-- Records of user_community
-- ----------------------------
INSERT INTO `user_community` VALUES (1, 1);
INSERT INTO `user_community` VALUES (1, 2);
INSERT INTO `user_community` VALUES (1, 4);

SET FOREIGN_KEY_CHECKS = 1;
